﻿{
    "Changes": [
        {
            "Action": "Load",
            "Target": "Paths/H_Archeology_Paths",
            "FromFile": "Paths/H_{{season}}_Archeology_Paths.png"
        },
		{
            "Action": "Load",
            "Target": "Paths/H_Archeology_Fence_Glass",
            "FromFile": "Paths/H_Archeology_Fence_glass.png"
        },
		{
            "Action": "Load",
            "Target": "Paths/H_Archeology_Fence_Bone",
            "FromFile": "Paths/H_Archeology_Fence_bone.png"
        }
    ]
}
