{
    "Changes": [
        {
            "Action": "Include",
            "LogName": "Gift Tastes",
            "FromFile": "GiftTastes/gift-tastes-Penny.json,  GiftTastes/gift-tastes-Evelyn.json, GiftTastes/gift-tastes-Krobus.json, GiftTastes/gift-tastes-Harvey.json, GiftTastes/gift-tastes-Linus.json, GiftTastes/gift-tastes-Alex.json, GiftTastes/gift-tastes-Wizard.json, GiftTastes/gift-tastes-Vincent.json, GiftTastes/gift-tastes-Willy.json, GiftTastes/gift-tastes-Demetrius.json, GiftTastes/gift-tastes-Pam.json, GiftTastes/gift-tastes-Lewis.json, GiftTastes/gift-tastes-Sandy.json, GiftTastes/gift-tastes-Leo.json, GiftTastes/gift-tastes-Sam.json, GiftTastes/gift-tastes-Jas.json, GiftTastes/gift-tastes-Pierre.json, GiftTastes/gift-tastes-Sebastian.json, GiftTastes/gift-tastes-Emily.json, GiftTastes/gift-tastes-Shane.json, GiftTastes/gift-tastes-Maru.json, GiftTastes/gift-tastes-Gus.json,, GiftTastes/gift-tastes-Kent.json, GiftTastes/gift-tastes-Dwarf.json, GiftTastes/gift-tastes-Caroline.json, GiftTastes/gift-tastes-Jodi.json, GiftTastes/gift-tastes-George.json, GiftTastes/gift-tastes-Robin.json, GiftTastes/gift-tastes-Marnie.json, GiftTastes/gift-tastes-Elliott.json, GiftTastes/gift-tastes-Haley.json, GiftTastes/gift-tastes-Leah.json"
        },
        {
            "Action": "Include",
            "LogName": "Gift Tastes: RSV",
            "When": {
                "HasMod |contains=Rafseazz.RSVCP": true
            },
            "FromFile": "GiftTastes/gift-tastes-Kiwi.json, GiftTastes/gift-tastes-Sean.json, GiftTastes/gift-tastes-Torts.json, GiftTastes/gift-tastes-Shanice.json, GiftTastes/gift-tastes-Louie.json, GiftTastes/gift-tastes-June.json, GiftTastes/gift-tastes-Kiarra.json, GiftTastes/gift-tastes-Corine.json, GiftTastes/gift-tastes-Shiro.json, GiftTastes/gift-tastes-Sonny.json, GiftTastes/gift-tastes-Lorenzo.json, GiftTastes/gift-tastes-Ian.json, GiftTastes/gift-tastes-Ariah.json, GiftTastes/gift-tastes-Pika.json, GiftTastes/gift-tastes-Freddie.json, GiftTastes/gift-tastes-Jeric.json, GiftTastes/gift-tastes-Ysabelle.json, GiftTastes/gift-tastes-Kimpoi.json, GiftTastes/gift-tastes-Naomi.json, GiftTastes/gift-tastes-Keahi.json, GiftTastes/gift-tastes-Carmen.json, GiftTastes/gift-tastes-Ezekiel.json, GiftTastes/gift-tastes-Richard.json, GiftTastes/gift-tastes-Malaya.json, GiftTastes/gift-tastes-Flor.json, GiftTastes/gift-tastes-Faye.json, GiftTastes/gift-tastes-Trinnie.json, GiftTastes/gift-tastes-Blair.json, GiftTastes/gift-tastes-Olga.json, GiftTastes/gift-tastes-Lola.json, GiftTastes/gift-tastes-Alissa.json, GiftTastes/gift-tastes-Kenneth.json, GiftTastes/gift-tastes-Maive.json, GiftTastes/gift-tastes-Yuuma.json, GiftTastes/gift-tastes-Irene.json, GiftTastes/gift-tastes-Anton.json, GiftTastes/gift-tastes-Bert.json, GiftTastes/gift-tastes-Lenny.json, GiftTastes/gift-tastes-Maddie.json, GiftTastes/gift-tastes-Philip.json, GiftTastes/gift-tastes-Paula.json"
        },
		{
            "Action": "Include",
            "LogName": "Gift Tastes: RSV Bryle",
            "When": {
                "HasMod |contains=Rafseazz.RSVCP": true,
				"HasSeenEvent: hostPlayer |contains=75160375": true
            },
            "FromFile": "GiftTastes/gift-tastes-Bryle.json"
        },
		{
            "Action": "Include",
            "LogName": "Gift Tastes: RSV Zayne",
            "When": {
                "HasMod |contains=Rafseazz.RSVCP": true,
				"HasSeenEvent: hostPlayer |contains=75160338": true
            },
            "FromFile": "GiftTastes/gift-tastes-Zayne.json"
        },
		{
            "Action": "Include",
            "LogName": "Gift Tastes: RSV Undreya",
            "When": {
                "HasMod |contains=Rafseazz.RSVCP": true,
				"HasSeenEvent: hostPlayer |contains=75160273, 75160386": true
            },
            "FromFile": "GiftTastes/gift-tastes-Undreya.json"
        },
        {
            "Action": "Include",
            "LogName": "Gift Tastes: RSV Jio and Daia",
            "When": {
                "HasMod |contains=Rafseazz.RSVCP": true,
				"HasSeenEvent: hostPlayer": 75160263
            },
            "FromFile": "GiftTastes/gift-tastes-Jio.json, GiftTastes/gift-tastes-Daia.json"
        },
        {
            "Action": "Include",
            "LogName": "Gift Tastes: SVE",
            "When": {
                "HasMod |contains=FlashShifter.StardewValleyExpandedCP": true
            },
            "FromFile": "GiftTastes/gift-tastes-Andy.json, GiftTastes/gift-tastes-Claire.json, GiftTastes/gift-tastes-MarlonFay.json, GiftTastes/gift-tastes-Olivia.json, GiftTastes/gift-tastes-MorrisTod.json, GiftTastes/gift-tastes-Susan.json, GiftTastes/gift-tastes-GuntherSilvian.json, GiftTastes/gift-tastes-Morgan.json, GiftTastes/gift-tastes-Martin.json, GiftTastes/gift-tastes-Victor.json, GiftTastes/gift-tastes-Sophia.json"
        },
        {
            "Action": "Include",
            "LogName": "Gift Tastes: SVE Lance",
            "When": {
                "HasMod |contains=FlashShifter.StardewValleyExpandedCP": true,
				"HasSeenEvent": "6951319"
            },
            "FromFile": "GiftTastes/gift-tastes-Lance.json"
        }
    ]
}