﻿{
    "Changes": [
        {
            "Action": "Load",
            "Target": "Mods/moonslime.ArchaeologySkill/sb_sprites",
            "FromFile": "Assets/sb_sprites.png"
        },
        {
            "Action": "EditData",
            "Target": "Data/Objects",
            "Entries": {
                "moonslime.Archaeology.h_SBVCP_MushroomStatue": {
                    "Name": "Hardwood Display: Mushroom Statue",
                    "DisplayName": "{{i18n:moonslime.Archaeology.h_SBVCP_MushroomStatue.name}}",
                    "Description": "{{i18n:moonslime.Archaeology.h_SBVCP_MushroomStatue.description}}",
                    "Type": "Basic",
                    "Category": 0,
                    "Price": 640,
                    "Texture": "Mods/moonslime.ArchaeologySkill/sb_sprites",
                    "SpriteIndex": 0,
                    "Edibility": -300,
                    "IsDrink": false,
                    "Buffs": null,
                    "GeodeDropsDefaultItems": false,
                    "GeodeDrops": null,
                    "ArtifactSpotChances": null,
                    "ExcludeFromFishingCollection": true,
                    "ExcludeFromShippingCollection": true,
                    "ExcludeFromRandomSale": false,
                    "ContextTags": [
                        "moonslime_artifact",
                        "not_placeable",
                        "not_museum_donatable"
                    ],
                    "CustomFields": null
                },
                "moonslime.Archaeology.h_SBVCP_AncientStaff": {
                    "Name": "Hardwood Display: Ancient Staff",
                    "DisplayName": "{{i18n:moonslime.Archaeology.h_SBVCP_AncientStaff.name}}",
                    "Description": "{{i18n:moonslime.Archaeology.h_SBVCP_AncientStaff.description}}",
                    "Type": "Basic",
                    "Category": 0,
                    "Price": 680,
                    "Texture": "Mods/moonslime.ArchaeologySkill/sb_sprites",
                    "SpriteIndex": 1,
                    "Edibility": -300,
                    "IsDrink": false,
                    "Buffs": null,
                    "GeodeDropsDefaultItems": false,
                    "GeodeDrops": null,
                    "ArtifactSpotChances": null,
                    "ExcludeFromFishingCollection": true,
                    "ExcludeFromShippingCollection": true,
                    "ExcludeFromRandomSale": false,
                    "ContextTags": [
                        "moonslime_artifact",
                        "not_placeable",
                        "not_museum_donatable"
                    ],
                    "CustomFields": null
                },
                "moonslime.Archaeology.h_SBVCP_SilverMask": {
                    "Name": "Hardwood Display: Silver Mask",
                    "DisplayName": "{{i18n:moonslime.Archaeology.h_SBVCP_SilverMask.name}}",
                    "Description": "{{i18n:moonslime.Archaeology.h_SBVCP_SilverMask.description}}",
                    "Type": "Basic",
                    "Category": 0,
                    "Price": 1000,
                    "Texture": "Mods/moonslime.ArchaeologySkill/sb_sprites",
                    "SpriteIndex": 2,
                    "Edibility": -300,
                    "IsDrink": false,
                    "Buffs": null,
                    "GeodeDropsDefaultItems": false,
                    "GeodeDrops": null,
                    "ArtifactSpotChances": null,
                    "ExcludeFromFishingCollection": true,
                    "ExcludeFromShippingCollection": true,
                    "ExcludeFromRandomSale": false,
                    "ContextTags": [
                        "moonslime_artifact",
                        "not_placeable",
                        "not_museum_donatable"
                    ],
                    "CustomFields": null
                },
                "moonslime.Archaeology.h_SBVCP_LapisNecklace": {
                    "Name": "Hardwood Display: Lapis Necklace",
                    "DisplayName": "{{i18n:moonslime.Archaeology.h_SBVCP_LapisNecklace.name}}",
                    "Description": "{{i18n:moonslime.Archaeology.h_SBVCP_LapisNecklace.description}}",
                    "Type": "Basic",
                    "Category": 0,
                    "Price": 560,
                    "Texture": "Mods/moonslime.ArchaeologySkill/sb_sprites",
                    "SpriteIndex": 3,
                    "Edibility": -300,
                    "IsDrink": false,
                    "Buffs": null,
                    "GeodeDropsDefaultItems": false,
                    "GeodeDrops": null,
                    "ArtifactSpotChances": null,
                    "ExcludeFromFishingCollection": true,
                    "ExcludeFromShippingCollection": true,
                    "ExcludeFromRandomSale": false,
                    "ContextTags": [
                        "moonslime_artifact",
                        "not_placeable",
                        "not_museum_donatable"
                    ],
                    "CustomFields": null
                },
                "moonslime.Archaeology.h_SBVCP_WickedVase": {
                    "Name": "Hardwood Display: Wicked Vase",
                    "DisplayName": "{{i18n:moonslime.Archaeology.h_SBVCP_WickedVase.name}}",
                    "Description": "{{i18n:moonslime.Archaeology.h_SBVCP_WickedVase.description}}",
                    "Type": "Basic",
                    "Category": 0,
                    "Price": 520,
                    "Texture": "Mods/moonslime.ArchaeologySkill/sb_sprites",
                    "SpriteIndex": 4,
                    "Edibility": -300,
                    "IsDrink": false,
                    "Buffs": null,
                    "GeodeDropsDefaultItems": false,
                    "GeodeDrops": null,
                    "ArtifactSpotChances": null,
                    "ExcludeFromFishingCollection": true,
                    "ExcludeFromShippingCollection": true,
                    "ExcludeFromRandomSale": false,
                    "ContextTags": [
                        "moonslime_artifact",
                        "not_placeable",
                        "not_museum_donatable"
                    ],
                    "CustomFields": null
                },
                "moonslime.Archaeology.h_SBVCP_GoldenCoins": {
                    "Name": "Hardwood Display: Golden Coins",
                    "DisplayName": "{{i18n:moonslime.Archaeology.h_SBVCP_GoldenCoins.name}}",
                    "Description": "{{i18n:moonslime.Archaeology.h_SBVCP_GoldenCoins.description}}",
                    "Type": "Basic",
                    "Category": 0,
                    "Price": 1200,
                    "Texture": "Mods/moonslime.ArchaeologySkill/sb_sprites",
                    "SpriteIndex": 5,
                    "Edibility": -300,
                    "IsDrink": false,
                    "Buffs": null,
                    "GeodeDropsDefaultItems": false,
                    "GeodeDrops": null,
                    "ArtifactSpotChances": null,
                    "ExcludeFromFishingCollection": true,
                    "ExcludeFromShippingCollection": true,
                    "ExcludeFromRandomSale": false,
                    "ContextTags": [
                        "moonslime_artifact",
                        "not_placeable",
                        "not_museum_donatable"
                    ],
                    "CustomFields": null
                },
                "moonslime.Archaeology.h_SBVCP_ChippedJug": {
                    "Name": "Hardwood Display: Chipped Jug",
                    "DisplayName": "{{i18n:moonslime.Archaeology.h_SBVCP_ChippedJug.name}}",
                    "Description": "{{i18n:moonslime.Archaeology.h_SBVCP_ChippedJug.description}}",
                    "Type": "Basic",
                    "Category": 0,
                    "Price": 680,
                    "Texture": "Mods/moonslime.ArchaeologySkill/sb_sprites",
                    "SpriteIndex": 6,
                    "Edibility": -300,
                    "IsDrink": false,
                    "Buffs": null,
                    "GeodeDropsDefaultItems": false,
                    "GeodeDrops": null,
                    "ArtifactSpotChances": null,
                    "ExcludeFromFishingCollection": true,
                    "ExcludeFromShippingCollection": true,
                    "ExcludeFromRandomSale": false,
                    "ContextTags": [
                        "moonslime_artifact",
                        "not_placeable",
                        "not_museum_donatable"
                    ],
                    "CustomFields": null
                },
                "moonslime.Archaeology.h_SBVCP_DwarfKeyI": {
                    "Name": "Hardwood Display: Dwarf Key I",
                    "DisplayName": "{{i18n:moonslime.Archaeology.h_SBVCP_DwarfKeyI.name}}",
                    "Description": "{{i18n:moonslime.Archaeology.h_SBVCP_DwarfKeyI.description}}",
                    "Type": "Basic",
                    "Category": 0,
                    "Price": 240,
                    "Texture": "Mods/moonslime.ArchaeologySkill/sb_sprites",
                    "SpriteIndex": 7,
                    "Edibility": -300,
                    "IsDrink": false,
                    "Buffs": null,
                    "GeodeDropsDefaultItems": false,
                    "GeodeDrops": null,
                    "ArtifactSpotChances": null,
                    "ExcludeFromFishingCollection": true,
                    "ExcludeFromShippingCollection": true,
                    "ExcludeFromRandomSale": false,
                    "ContextTags": [
                        "moonslime_artifact",
                        "not_placeable",
                        "not_museum_donatable"
                    ],
                    "CustomFields": null
                },
                "moonslime.Archaeology.h_SBVCP_DwarfKeyII": {
                    "Name": "Hardwood Display: Dwarf Key II",
                    "DisplayName": "{{i18n:moonslime.Archaeology.h_SBVCP_DwarfKeyII.name}}",
                    "Description": "{{i18n:moonslime.Archaeology.h_SBVCP_DwarfKeyII.description}}",
                    "Type": "Basic",
                    "Category": 0,
                    "Price": 240,
                    "Texture": "Mods/moonslime.ArchaeologySkill/sb_sprites",
                    "SpriteIndex": 8,
                    "Edibility": -300,
                    "IsDrink": false,
                    "Buffs": null,
                    "GeodeDropsDefaultItems": false,
                    "GeodeDrops": null,
                    "ArtifactSpotChances": null,
                    "ExcludeFromFishingCollection": true,
                    "ExcludeFromShippingCollection": true,
                    "ExcludeFromRandomSale": false,
                    "ContextTags": [
                        "moonslime_artifact",
                        "not_placeable",
                        "not_museum_donatable"
                    ],
                    "CustomFields": null
                },
                "moonslime.Archaeology.h_SBVCP_DwarfKeyIII": {
                    "Name": "Hardwood Display: Dwarf Key III",
                    "DisplayName": "{{i18n:moonslime.Archaeology.h_SBVCP_DwarfKeyIII.name}}",
                    "Description": "{{i18n:moonslime.Archaeology.h_SBVCP_DwarfKeyIII.description}}",
                    "Type": "Basic",
                    "Category": 0,
                    "Price": 240,
                    "Texture": "Mods/moonslime.ArchaeologySkill/sb_sprites",
                    "SpriteIndex": 9,
                    "Edibility": -300,
                    "IsDrink": false,
                    "Buffs": null,
                    "GeodeDropsDefaultItems": false,
                    "GeodeDrops": null,
                    "ArtifactSpotChances": null,
                    "ExcludeFromFishingCollection": true,
                    "ExcludeFromShippingCollection": true,
                    "ExcludeFromRandomSale": false,
                    "ContextTags": [
                        "moonslime_artifact",
                        "not_placeable",
                        "not_museum_donatable"
                    ],
                    "CustomFields": null
                },
                "moonslime.Archaeology.h_SBVCP_DwarfKeyIV": {
                    "Name": "Hardwood Display: Dwarf Key IV",
                    "DisplayName": "{{i18n:moonslime.Archaeology.h_SBVCP_DwarfKeyIV.name}}",
                    "Description": "{{i18n:moonslime.Archaeology.h_SBVCP_DwarfKeyIV.description}}",
                    "Type": "Basic",
                    "Category": 0,
                    "Price": 240,
                    "Texture": "Mods/moonslime.ArchaeologySkill/sb_sprites",
                    "SpriteIndex": 10,
                    "Edibility": -300,
                    "IsDrink": false,
                    "Buffs": null,
                    "GeodeDropsDefaultItems": false,
                    "GeodeDrops": null,
                    "ArtifactSpotChances": null,
                    "ExcludeFromFishingCollection": true,
                    "ExcludeFromShippingCollection": true,
                    "ExcludeFromRandomSale": false,
                    "ContextTags": [
                        "moonslime_artifact",
                        "not_placeable",
                        "not_museum_donatable"
                    ],
                    "CustomFields": null
                },
                "moonslime.Archaeology.w_SBVCP_MushroomStatue": {
                    "Name": "Wooden Display: Mushroom Statue",
                    "DisplayName": "{{i18n:moonslime.Archaeology.w_SBVCP_MushroomStatue.name}}",
                    "Description": "{{i18n:moonslime.Archaeology.w_SBVCP_MushroomStatue.description}}",
                    "Type": "Basic",
                    "Category": 0,
                    "Price": 320,
                    "Texture": "Mods/moonslime.ArchaeologySkill/sb_sprites",
                    "SpriteIndex": 13,
                    "Edibility": -300,
                    "IsDrink": false,
                    "Buffs": null,
                    "GeodeDropsDefaultItems": false,
                    "GeodeDrops": null,
                    "ArtifactSpotChances": null,
                    "ExcludeFromFishingCollection": true,
                    "ExcludeFromShippingCollection": true,
                    "ExcludeFromRandomSale": false,
                    "ContextTags": [
                        "moonslime_artifact",
                        "not_placeable",
                        "not_museum_donatable"
                    ],
                    "CustomFields": null
                },
                "moonslime.Archaeology.w_SBVCP_AncientStaff": {
                    "Name": "Wooden Display: Ancient Staff",
                    "DisplayName": "{{i18n:moonslime.Archaeology.w_SBVCP_AncientStaff.name}}",
                    "Description": "{{i18n:moonslime.Archaeology.w_SBVCP_AncientStaff.description}}",
                    "Type": "Basic",
                    "Category": 0,
                    "Price": 340,
                    "Texture": "Mods/moonslime.ArchaeologySkill/sb_sprites",
                    "SpriteIndex": 14,
                    "Edibility": -300,
                    "IsDrink": false,
                    "Buffs": null,
                    "GeodeDropsDefaultItems": false,
                    "GeodeDrops": null,
                    "ArtifactSpotChances": null,
                    "ExcludeFromFishingCollection": true,
                    "ExcludeFromShippingCollection": true,
                    "ExcludeFromRandomSale": false,
                    "ContextTags": [
                        "moonslime_artifact",
                        "not_placeable",
                        "not_museum_donatable"
                    ],
                    "CustomFields": null
                },
                "moonslime.Archaeology.w_SBVCP_SilverMask": {
                    "Name": "Wooden Display: Silver Mask",
                    "DisplayName": "{{i18n:moonslime.Archaeology.w_SBVCP_SilverMask.name}}",
                    "Description": "{{i18n:moonslime.Archaeology.w_SBVCP_SilverMask.description}}",
                    "Type": "Basic",
                    "Category": 0,
                    "Price": 500,
                    "Texture": "Mods/moonslime.ArchaeologySkill/sb_sprites",
                    "SpriteIndex": 15,
                    "Edibility": -300,
                    "IsDrink": false,
                    "Buffs": null,
                    "GeodeDropsDefaultItems": false,
                    "GeodeDrops": null,
                    "ArtifactSpotChances": null,
                    "ExcludeFromFishingCollection": true,
                    "ExcludeFromShippingCollection": true,
                    "ExcludeFromRandomSale": false,
                    "ContextTags": [
                        "moonslime_artifact",
                        "not_placeable",
                        "not_museum_donatable"
                    ],
                    "CustomFields": null
                },
                "moonslime.Archaeology.w_SBVCP_LapisNecklace": {
                    "Name": "Wooden Display: Lapis Necklace",
                    "DisplayName": "{{i18n:moonslime.Archaeology.w_SBVCP_LapisNecklace.name}}",
                    "Description": "{{i18n:moonslime.Archaeology.w_SBVCP_LapisNecklace.description}}",
                    "Type": "Basic",
                    "Category": 0,
                    "Price": 280,
                    "Texture": "Mods/moonslime.ArchaeologySkill/sb_sprites",
                    "SpriteIndex": 16,
                    "Edibility": -300,
                    "IsDrink": false,
                    "Buffs": null,
                    "GeodeDropsDefaultItems": false,
                    "GeodeDrops": null,
                    "ArtifactSpotChances": null,
                    "ExcludeFromFishingCollection": true,
                    "ExcludeFromShippingCollection": true,
                    "ExcludeFromRandomSale": false,
                    "ContextTags": [
                        "moonslime_artifact",
                        "not_placeable",
                        "not_museum_donatable"
                    ],
                    "CustomFields": null
                },
                "moonslime.Archaeology.w_SBVCP_WickedVase": {
                    "Name": "Wooden Display: Wicked Vase",
                    "DisplayName": "{{i18n:moonslime.Archaeology.w_SBVCP_WickedVase.name}}",
                    "Description": "{{i18n:moonslime.Archaeology.w_SBVCP_WickedVase.description}}",
                    "Type": "Basic",
                    "Category": 0,
                    "Price": 260,
                    "Texture": "Mods/moonslime.ArchaeologySkill/sb_sprites",
                    "SpriteIndex": 17,
                    "Edibility": -300,
                    "IsDrink": false,
                    "Buffs": null,
                    "GeodeDropsDefaultItems": false,
                    "GeodeDrops": null,
                    "ArtifactSpotChances": null,
                    "ExcludeFromFishingCollection": true,
                    "ExcludeFromShippingCollection": true,
                    "ExcludeFromRandomSale": false,
                    "ContextTags": [
                        "moonslime_artifact",
                        "not_placeable",
                        "not_museum_donatable"
                    ],
                    "CustomFields": null
                },
                "moonslime.Archaeology.w_SBVCP_GoldenCoins": {
                    "Name": "Wooden Display: Golden Coins",
                    "DisplayName": "{{i18n:moonslime.Archaeology.w_SBVCP_GoldenCoins.name}}",
                    "Description": "{{i18n:moonslime.Archaeology.w_SBVCP_GoldenCoins.description}}",
                    "Type": "Basic",
                    "Category": 0,
                    "Price": 600,
                    "Texture": "Mods/moonslime.ArchaeologySkill/sb_sprites",
                    "SpriteIndex": 18,
                    "Edibility": -300,
                    "IsDrink": false,
                    "Buffs": null,
                    "GeodeDropsDefaultItems": false,
                    "GeodeDrops": null,
                    "ArtifactSpotChances": null,
                    "ExcludeFromFishingCollection": true,
                    "ExcludeFromShippingCollection": true,
                    "ExcludeFromRandomSale": false,
                    "ContextTags": [
                        "moonslime_artifact",
                        "not_placeable",
                        "not_museum_donatable"
                    ],
                    "CustomFields": null
                },
                "moonslime.Archaeology.w_SBVCP_ChippedJug": {
                    "Name": "Wooden Display: Chipped Jug",
                    "DisplayName": "{{i18n:moonslime.Archaeology.w_SBVCP_ChippedJug.name}}",
                    "Description": "{{i18n:moonslime.Archaeology.w_SBVCP_ChippedJug.description}}",
                    "Type": "Basic",
                    "Category": 0,
                    "Price": 340,
                    "Texture": "Mods/moonslime.ArchaeologySkill/sb_sprites",
                    "SpriteIndex": 19,
                    "Edibility": -300,
                    "IsDrink": false,
                    "Buffs": null,
                    "GeodeDropsDefaultItems": false,
                    "GeodeDrops": null,
                    "ArtifactSpotChances": null,
                    "ExcludeFromFishingCollection": true,
                    "ExcludeFromShippingCollection": true,
                    "ExcludeFromRandomSale": false,
                    "ContextTags": [
                        "moonslime_artifact",
                        "not_placeable",
                        "not_museum_donatable"
                    ],
                    "CustomFields": null
                },
                "moonslime.Archaeology.w_SBVCP_DwarfKeyI": {
                    "Name": "Wooden Display: Dwarf Key I",
                    "DisplayName": "{{i18n:moonslime.Archaeology.w_SBVCP_DwarfKeyI.name}}",
                    "Description": "{{i18n:moonslime.Archaeology.w_SBVCP_DwarfKeyI.description}}",
                    "Type": "Basic",
                    "Category": 0,
                    "Price": 120,
                    "Texture": "Mods/moonslime.ArchaeologySkill/sb_sprites",
                    "SpriteIndex": 20,
                    "Edibility": -300,
                    "IsDrink": false,
                    "Buffs": null,
                    "GeodeDropsDefaultItems": false,
                    "GeodeDrops": null,
                    "ArtifactSpotChances": null,
                    "ExcludeFromFishingCollection": true,
                    "ExcludeFromShippingCollection": true,
                    "ExcludeFromRandomSale": false,
                    "ContextTags": [
                        "moonslime_artifact",
                        "not_placeable",
                        "not_museum_donatable"
                    ],
                    "CustomFields": null
                },
                "moonslime.Archaeology.w_SBVCP_DwarfKeyII": {
                    "Name": "Wooden Display: Dwarf Key II",
                    "DisplayName": "{{i18n:moonslime.Archaeology.w_SBVCP_DwarfKeyII.name}}",
                    "Description": "{{i18n:moonslime.Archaeology.w_SBVCP_DwarfKeyII.description}}",
                    "Type": "Basic",
                    "Category": 0,
                    "Price": 120,
                    "Texture": "Mods/moonslime.ArchaeologySkill/sb_sprites",
                    "SpriteIndex": 21,
                    "Edibility": -300,
                    "IsDrink": false,
                    "Buffs": null,
                    "GeodeDropsDefaultItems": false,
                    "GeodeDrops": null,
                    "ArtifactSpotChances": null,
                    "ExcludeFromFishingCollection": true,
                    "ExcludeFromShippingCollection": true,
                    "ExcludeFromRandomSale": false,
                    "ContextTags": [
                        "moonslime_artifact",
                        "not_placeable",
                        "not_museum_donatable"
                    ],
                    "CustomFields": null
                },
                "moonslime.Archaeology.w_SBVCP_DwarfKeyIII": {
                    "Name": "Wooden Display: Dwarf Key III",
                    "DisplayName": "{{i18n:moonslime.Archaeology.w_SBVCP_DwarfKeyIII.name}}",
                    "Description": "{{i18n:moonslime.Archaeology.w_SBVCP_DwarfKeyIII.description}}",
                    "Type": "Basic",
                    "Category": 0,
                    "Price": 120,
                    "Texture": "Mods/moonslime.ArchaeologySkill/sb_sprites",
                    "SpriteIndex": 22,
                    "Edibility": -300,
                    "IsDrink": false,
                    "Buffs": null,
                    "GeodeDropsDefaultItems": false,
                    "GeodeDrops": null,
                    "ArtifactSpotChances": null,
                    "ExcludeFromFishingCollection": true,
                    "ExcludeFromShippingCollection": true,
                    "ExcludeFromRandomSale": false,
                    "ContextTags": [
                        "moonslime_artifact",
                        "not_placeable",
                        "not_museum_donatable"
                    ],
                    "CustomFields": null
                },
                "moonslime.Archaeology.w_SBVCP_DwarfKeyIV": {
                    "Name": "Wooden Display: Dwarf Key IV",
                    "DisplayName": "{{i18n:moonslime.Archaeology.w_SBVCP_DwarfKeyIV.name}}",
                    "Description": "{{i18n:moonslime.Archaeology.w_SBVCP_DwarfKeyIV.description}}",
                    "Type": "Basic",
                    "Category": 0,
                    "Price": 120,
                    "Texture": "Mods/moonslime.ArchaeologySkill/sb_sprites",
                    "SpriteIndex": 23,
                    "Edibility": -300,
                    "IsDrink": false,
                    "Buffs": null,
                    "GeodeDropsDefaultItems": false,
                    "GeodeDrops": null,
                    "ArtifactSpotChances": null,
                    "ExcludeFromFishingCollection": true,
                    "ExcludeFromShippingCollection": true,
                    "ExcludeFromRandomSale": false,
                    "ContextTags": [
                        "moonslime_artifact",
                        "not_placeable",
                        "not_museum_donatable"
                    ],
                    "CustomFields": null
                }
            }
        }
    ]
}
