﻿{
    "Changes": [
        {
            "Action": "Load",
            "Target": "Mods/moonslime.ArchaeologySkill/sve_textures",
            "FromFile": "Assets/sve_sprites.png"
        },
        {
            "Action": "EditData",
            "Target": "Data/Objects",
            "Entries": {
                "moonslime.Archaeology.h_StardewValleyExpandedCP_Amber": {
                    "Name": "Hardwood Display: Amber",
                    "DisplayName": "{{i18n:moonslime.Archaeology.h_StardewValleyExpandedCP_Amber.name}}",
                    "Description": "{{i18n:moonslime.Archaeology.h_StardewValleyExpandedCP_Amber.description}}",
                    "Type": "Basic",
                    "Category": 0,
                    "Price": 3000,
                    "Texture": "Mods/moonslime.ArchaeologySkill/sve_textures",
                    "SpriteIndex": 0,
                    "Edibility": -300,
                    "IsDrink": false,
                    "Buffs": null,
                    "GeodeDropsDefaultItems": false,
                    "GeodeDrops": null,
                    "ArtifactSpotChances": null,
                    "ExcludeFromFishingCollection": true,
                    "ExcludeFromShippingCollection": true,
                    "ExcludeFromRandomSale": false,
                    "ContextTags": [
                        "moonslime_artifact",
                        "not_placeable",
                        "color_yellow",
                        "dye_strong",
                        "fossil_item"
                    ],
                    "CustomFields": null
                },
                "moonslime.Archaeology.h_StardewValleyExpandedCP_Boomerang": {
                    "Name": "Hardwood Display: Bommerrang",
                    "DisplayName": "{{i18n:moonslime.Archaeology.h_StardewValleyExpandedCP_Boomerang.name}}",
                    "Description": "{{i18n:moonslime.Archaeology.h_StardewValleyExpandedCP_Boomerang.description}}",
                    "Type": "Basic",
                    "Category": 0,
                    "Price": 500,
                    "Texture": "Mods/moonslime.ArchaeologySkill/sve_textures",
                    "SpriteIndex": 1,
                    "Edibility": -300,
                    "IsDrink": false,
                    "Buffs": null,
                    "GeodeDropsDefaultItems": false,
                    "GeodeDrops": null,
                    "ArtifactSpotChances": null,
                    "ExcludeFromFishingCollection": true,
                    "ExcludeFromShippingCollection": true,
                    "ExcludeFromRandomSale": false,
                    "ContextTags": [
                        "moonslime_artifact",
                        "not_placeable",
                        "color_brown",
                        "dye_strong",
                        "hunting_item"
                    ],
                    "CustomFields": null
                },
                "moonslime.Archaeology.h_StardewValleyExpandedCP_Faded_Button": {
                    "Name": "Hardwood Display: Faded Button",
                    "DisplayName": "{{i18n:moonslime.Archaeology.h_StardewValleyExpandedCP_Faded_Button.name}}",
                    "Description": "{{i18n:moonslime.Archaeology.h_StardewValleyExpandedCP_Faded_Button.description}}",
                    "Type": "Basic",
                    "Category": 0,
                    "Price": 140,
                    "Texture": "Mods/moonslime.ArchaeologySkill/sve_textures",
                    "SpriteIndex": 2,
                    "Edibility": -300,
                    "IsDrink": false,
                    "Buffs": null,
                    "GeodeDropsDefaultItems": false,
                    "GeodeDrops": null,
                    "ArtifactSpotChances": null,
                    "ExcludeFromFishingCollection": true,
                    "ExcludeFromShippingCollection": true,
                    "ExcludeFromRandomSale": false,
                    "ContextTags": [
                        "moonslime_artifact",
                        "not_placeable",
                        "color_brown",
                        "dye_strong"
                    ],
                    "CustomFields": null
                },
                "moonslime.Archaeology.h_StardewValleyExpandedCP_Fossilized_Apple": {
                    "Name": "Hardwood Display: Fossilised Apple",
                    "DisplayName": "{{i18n:moonslime.Archaeology.h_StardewValleyExpandedCP_Fossilized_Apple.name}}",
                    "Description": "{{i18n:moonslime.Archaeology.h_StardewValleyExpandedCP_Fossilized_Apple.description}}",
                    "Type": "Basic",
                    "Category": 0,
                    "Price": 320,
                    "Texture": "Mods/moonslime.ArchaeologySkill/sve_textures",
                    "SpriteIndex": 3,
                    "Edibility": -300,
                    "IsDrink": false,
                    "Buffs": null,
                    "GeodeDropsDefaultItems": false,
                    "GeodeDrops": null,
                    "ArtifactSpotChances": null,
                    "ExcludeFromFishingCollection": true,
                    "ExcludeFromShippingCollection": true,
                    "ExcludeFromRandomSale": false,
                    "ContextTags": [
                        "moonslime_artifact",
                        "not_placeable",
                        "color_black",
                        "dye_strong",
                        "fossil_item"
                    ],
                    "CustomFields": null
                },
                "moonslime.Archaeology.h_StardewValleyExpandedCP_Old_Coin": {
                    "Name": "Hardwood Display: Old Coin",
                    "DisplayName": "{{i18n:moonslime.Archaeology.h_StardewValleyExpandedCP_Old_Coin.name}}",
                    "Description": "{{i18n:moonslime.Archaeology.h_StardewValleyExpandedCP_Old_Coin.description}}",
                    "Type": "Basic",
                    "Category": 0,
                    "Price": 400,
                    "Texture": "Mods/moonslime.ArchaeologySkill/sve_textures",
                    "SpriteIndex": 4,
                    "Edibility": -300,
                    "IsDrink": false,
                    "Buffs": null,
                    "GeodeDropsDefaultItems": false,
                    "GeodeDrops": null,
                    "ArtifactSpotChances": null,
                    "ExcludeFromFishingCollection": true,
                    "ExcludeFromShippingCollection": true,
                    "ExcludeFromRandomSale": false,
                    "ContextTags": [
                        "moonslime_artifact",
                        "not_placeable",
                        "color_brown",
                        "dye_strong"
                    ],
                    "CustomFields": null
                },
                "moonslime.Archaeology.h_StardewValleyExpandedCP_Rusty_Shield": {
                    "Name": "Hardwood Display: Giant Tusl",
                    "DisplayName": "{{i18n:moonslime.Archaeology.h_StardewValleyExpandedCP_Rusty_Shield.name}}",
                    "Description": "{{i18n:moonslime.Archaeology.h_StardewValleyExpandedCP_Rusty_Shield.description}}",
                    "Type": "Basic",
                    "Category": 0,
                    "Price": 1000,
                    "Texture": "Mods/moonslime.ArchaeologySkill/sve_textures",
                    "SpriteIndex": 5,
                    "Edibility": -300,
                    "IsDrink": false,
                    "Buffs": null,
                    "GeodeDropsDefaultItems": false,
                    "GeodeDrops": null,
                    "ArtifactSpotChances": null,
                    "ExcludeFromFishingCollection": true,
                    "ExcludeFromShippingCollection": true,
                    "ExcludeFromRandomSale": false,
                    "ContextTags": [
                        "moonslime_artifact",
                        "not_placeable",
                        "color_gray",
                        "dye_strong",
                        "ancient_item"
                    ],
                    "CustomFields": null
                },
                "moonslime.Archaeology.h_StardewValleyExpandedCP_Stone_of_Yoba": {
                    "Name": "Hardwood Display: Stone of Yoba",
                    "DisplayName": "{{i18n:moonslime.Archaeology.h_StardewValleyExpandedCP_Stone_of_Yoba.name}}",
                    "Description": "{{i18n:moonslime.Archaeology.h_StardewValleyExpandedCP_Stone_of_Yoba.description}}",
                    "Type": "Basic",
                    "Category": 0,
                    "Price": 6000,
                    "Texture": "Mods/moonslime.ArchaeologySkill/sve_textures",
                    "SpriteIndex": 6,
                    "Edibility": -300,
                    "IsDrink": false,
                    "Buffs": null,
                    "GeodeDropsDefaultItems": false,
                    "GeodeDrops": null,
                    "ArtifactSpotChances": null,
                    "ExcludeFromFishingCollection": true,
                    "ExcludeFromShippingCollection": true,
                    "ExcludeFromRandomSale": false,
                    "ContextTags": [
                        "moonslime_artifact",
                        "not_placeable",
                        "color_grey",
                        "dye_strong",
                        "statue_item"
                    ],
                    "CustomFields": null
                },
                "moonslime.Archaeology.w_StardewValleyExpandedCP_Amber": {
                    "Name": "Wooden Display: Amber",
                    "DisplayName": "{{i18n:moonslime.Archaeology.w_StardewValleyExpandedCP_Amber.name}}",
                    "Description": "{{i18n:moonslime.Archaeology.w_StardewValleyExpandedCP_Amber.description}}",
                    "Type": "Basic",
                    "Category": 0,
                    "Price": 1500,
                    "Texture": "Mods/moonslime.ArchaeologySkill/sve_textures",
                    "SpriteIndex": 13,
                    "Edibility": -300,
                    "IsDrink": false,
                    "Buffs": null,
                    "GeodeDropsDefaultItems": false,
                    "GeodeDrops": null,
                    "ArtifactSpotChances": null,
                    "ExcludeFromFishingCollection": true,
                    "ExcludeFromShippingCollection": true,
                    "ExcludeFromRandomSale": false,
                    "ContextTags": [
                        "moonslime_artifact",
                        "not_placeable",
                        "color_yellow",
                        "dye_strong",
                        "fossil_item"
                    ],
                    "CustomFields": null
                },
                "moonslime.Archaeology.w_StardewValleyExpandedCP_Boomerang": {
                    "Name": "Wooden Display: Bommerrang",
                    "DisplayName": "{{i18n:moonslime.Archaeology.w_StardewValleyExpandedCP_Boomerang.name}}",
                    "Description": "{{i18n:moonslime.Archaeology.w_StardewValleyExpandedCP_Boomerang.description}}",
                    "Type": "Basic",
                    "Category": 0,
                    "Price": 250,
                    "Texture": "Mods/moonslime.ArchaeologySkill/sve_textures",
                    "SpriteIndex": 14,
                    "Edibility": -300,
                    "IsDrink": false,
                    "Buffs": null,
                    "GeodeDropsDefaultItems": false,
                    "GeodeDrops": null,
                    "ArtifactSpotChances": null,
                    "ExcludeFromFishingCollection": true,
                    "ExcludeFromShippingCollection": true,
                    "ExcludeFromRandomSale": false,
                    "ContextTags": [
                        "moonslime_artifact",
                        "not_placeable",
                        "color_brown",
                        "dye_strong",
                        "hunting_item"
                    ],
                    "CustomFields": null
                },
                "moonslime.Archaeology.w_StardewValleyExpandedCP_Faded_Button": {
                    "Name": "Wooden Display: Faded Button",
                    "DisplayName": "{{i18n:moonslime.Archaeology.w_StardewValleyExpandedCP_Faded_Button.name}}",
                    "Description": "{{i18n:moonslime.Archaeology.w_StardewValleyExpandedCP_Faded_Button.description}}",
                    "Type": "Basic",
                    "Category": 0,
                    "Price": 70,
                    "Texture": "Mods/moonslime.ArchaeologySkill/sve_textures",
                    "SpriteIndex": 15,
                    "Edibility": -300,
                    "IsDrink": false,
                    "Buffs": null,
                    "GeodeDropsDefaultItems": false,
                    "GeodeDrops": null,
                    "ArtifactSpotChances": null,
                    "ExcludeFromFishingCollection": true,
                    "ExcludeFromShippingCollection": true,
                    "ExcludeFromRandomSale": false,
                    "ContextTags": [
                        "moonslime_artifact",
                        "not_placeable",
                        "color_brown",
                        "dye_strong"
                    ],
                    "CustomFields": null
                },
                "moonslime.Archaeology.w_StardewValleyExpandedCP_Fossilized_Apple": {
                    "Name": "Wooden Display: Fossilised Apple",
                    "DisplayName": "{{i18n:moonslime.Archaeology.w_StardewValleyExpandedCP_Fossilized_Apple.name}}",
                    "Description": "{{i18n:moonslime.Archaeology.w_StardewValleyExpandedCP_Fossilized_Apple.description}}",
                    "Type": "Basic",
                    "Category": 0,
                    "Price": 160,
                    "Texture": "Mods/moonslime.ArchaeologySkill/sve_textures",
                    "SpriteIndex": 16,
                    "Edibility": -300,
                    "IsDrink": false,
                    "Buffs": null,
                    "GeodeDropsDefaultItems": false,
                    "GeodeDrops": null,
                    "ArtifactSpotChances": null,
                    "ExcludeFromFishingCollection": true,
                    "ExcludeFromShippingCollection": true,
                    "ExcludeFromRandomSale": false,
                    "ContextTags": [
                        "moonslime_artifact",
                        "not_placeable",
                        "color_black",
                        "dye_strong",
                        "fossil_item"
                    ],
                    "CustomFields": null
                },
                "moonslime.Archaeology.w_StardewValleyExpandedCP_Old_Coin": {
                    "Name": "Wooden Display: Old Coin",
                    "DisplayName": "{{i18n:moonslime.Archaeology.w_StardewValleyExpandedCP_Old_Coin.name}}",
                    "Description": "{{i18n:moonslime.Archaeology.w_StardewValleyExpandedCP_Old_Coin.description}}",
                    "Type": "Basic",
                    "Category": 0,
                    "Price": 200,
                    "Texture": "Mods/moonslime.ArchaeologySkill/sve_textures",
                    "SpriteIndex": 17,
                    "Edibility": -300,
                    "IsDrink": false,
                    "Buffs": null,
                    "GeodeDropsDefaultItems": false,
                    "GeodeDrops": null,
                    "ArtifactSpotChances": null,
                    "ExcludeFromFishingCollection": true,
                    "ExcludeFromShippingCollection": true,
                    "ExcludeFromRandomSale": false,
                    "ContextTags": [
                        "moonslime_artifact",
                        "not_placeable",
                        "color_brown",
                        "dye_strong"
                    ],
                    "CustomFields": null
                },
                "moonslime.Archaeology.w_StardewValleyExpandedCP_Rusty_Shield": {
                    "Name": "Wooden Display: Giant Tusl",
                    "DisplayName": "{{i18n:moonslime.Archaeology.w_StardewValleyExpandedCP_Rusty_Shield.name}}",
                    "Description": "{{i18n:moonslime.Archaeology.w_StardewValleyExpandedCP_Rusty_Shield.description}}",
                    "Type": "Basic",
                    "Category": 0,
                    "Price": 500,
                    "Texture": "Mods/moonslime.ArchaeologySkill/sve_textures",
                    "SpriteIndex": 18,
                    "Edibility": -300,
                    "IsDrink": false,
                    "Buffs": null,
                    "GeodeDropsDefaultItems": false,
                    "GeodeDrops": null,
                    "ArtifactSpotChances": null,
                    "ExcludeFromFishingCollection": true,
                    "ExcludeFromShippingCollection": true,
                    "ExcludeFromRandomSale": false,
                    "ContextTags": [
                        "moonslime_artifact",
                        "not_placeable",
                        "color_gray",
                        "dye_strong",
                        "ancient_item"
                    ],
                    "CustomFields": null
                },
                "moonslime.Archaeology.w_StardewValleyExpandedCP_Stone_of_Yoba": {
                    "Name": "Wooden Display: Stone of Yoba",
                    "DisplayName": "{{i18n:moonslime.Archaeology.w_StardewValleyExpandedCP_Stone_of_Yoba.name}}",
                    "Description": "{{i18n:moonslime.Archaeology.w_StardewValleyExpandedCP_Stone_of_Yoba.description}}",
                    "Type": "Basic",
                    "Category": 0,
                    "Price": 3000,
                    "Texture": "Mods/moonslime.ArchaeologySkill/sve_textures",
                    "SpriteIndex": 19,
                    "Edibility": -300,
                    "IsDrink": false,
                    "Buffs": null,
                    "GeodeDropsDefaultItems": false,
                    "GeodeDrops": null,
                    "ArtifactSpotChances": null,
                    "ExcludeFromFishingCollection": true,
                    "ExcludeFromShippingCollection": true,
                    "ExcludeFromRandomSale": false,
                    "ContextTags": [
                        "moonslime_artifact",
                        "not_placeable",
                        "color_grey",
                        "dye_strong",
                        "statue_item"
                    ],
                    "CustomFields": null
                }
            }
        }
    ]
}
