﻿{
    "Changes": [
        {
            "Action": "EditData",
            "Target": "spacechase0.SpaceCore/ObjectExtensionData",
            "Entries": {
                "moonslime.Archaeology.h_StardewValleyExpandedCP_Amber": {
                    "CategoryTextOverride": "{{i18n:moonslime.Archaeology.item_catagory}}",
                    "CategoryColorOverride": {
                        "R": 116,
                        "G": 25,
                        "B": 98,
                        "A": 255
                    }
                },
                "moonslime.Archaeology.h_StardewValleyExpandedCP_Boomerang": {
                    "CategoryTextOverride": "{{i18n:moonslime.Archaeology.item_catagory}}",
                    "CategoryColorOverride": {
                        "R": 116,
                        "G": 25,
                        "B": 98,
                        "A": 255
                    }
                },
                "moonslime.Archaeology.h_StardewValleyExpandedCP_Faded_Button": {
                    "CategoryTextOverride": "{{i18n:moonslime.Archaeology.item_catagory}}",
                    "CategoryColorOverride": {
                        "R": 116,
                        "G": 25,
                        "B": 98,
                        "A": 255
                    }
                },
                "moonslime.Archaeology.h_StardewValleyExpandedCP_Fossilized_Apple": {
                    "CategoryTextOverride": "{{i18n:moonslime.Archaeology.item_catagory}}",
                    "CategoryColorOverride": {
                        "R": 116,
                        "G": 25,
                        "B": 98,
                        "A": 255
                    }
                },
                "moonslime.Archaeology.h_StardewValleyExpandedCP_Old_Coin": {
                    "CategoryTextOverride": "{{i18n:moonslime.Archaeology.item_catagory}}",
                    "CategoryColorOverride": {
                        "R": 116,
                        "G": 25,
                        "B": 98,
                        "A": 255
                    }
                },
                "moonslime.Archaeology.h_StardewValleyExpandedCP_Rusty_Shield": {
                    "CategoryTextOverride": "{{i18n:moonslime.Archaeology.item_catagory}}",
                    "CategoryColorOverride": {
                        "R": 116,
                        "G": 25,
                        "B": 98,
                        "A": 255
                    }
                },
                "moonslime.Archaeology.h_StardewValleyExpandedCP_Stone_of_Yoba": {
                    "CategoryTextOverride": "{{i18n:moonslime.Archaeology.item_catagory}}",
                    "CategoryColorOverride": {
                        "R": 116,
                        "G": 25,
                        "B": 98,
                        "A": 255
                    }
                },
                "moonslime.Archaeology.w_StardewValleyExpandedCP_Amber": {
                    "CategoryTextOverride": "{{i18n:moonslime.Archaeology.item_catagory}}",
                    "CategoryColorOverride": {
                        "R": 116,
                        "G": 25,
                        "B": 98,
                        "A": 255
                    }
                },
                "moonslime.Archaeology.w_StardewValleyExpandedCP_Boomerang": {
                    "CategoryTextOverride": "{{i18n:moonslime.Archaeology.item_catagory}}",
                    "CategoryColorOverride": {
                        "R": 116,
                        "G": 25,
                        "B": 98,
                        "A": 255
                    }
                },
                "moonslime.Archaeology.w_StardewValleyExpandedCP_Faded_Button": {
                    "CategoryTextOverride": "{{i18n:moonslime.Archaeology.item_catagory}}",
                    "CategoryColorOverride": {
                        "R": 116,
                        "G": 25,
                        "B": 98,
                        "A": 255
                    }
                },
                "moonslime.Archaeology.w_StardewValleyExpandedCP_Fossilized_Apple": {
                    "CategoryTextOverride": "{{i18n:moonslime.Archaeology.item_catagory}}",
                    "CategoryColorOverride": {
                        "R": 116,
                        "G": 25,
                        "B": 98,
                        "A": 255
                    }
                },
                "moonslime.Archaeology.w_StardewValleyExpandedCP_Old_Coin": {
                    "CategoryTextOverride": "{{i18n:moonslime.Archaeology.item_catagory}}",
                    "CategoryColorOverride": {
                        "R": 116,
                        "G": 25,
                        "B": 98,
                        "A": 255
                    }
                },
                "moonslime.Archaeology.w_StardewValleyExpandedCP_Rusty_Shield": {
                    "CategoryTextOverride": "{{i18n:moonslime.Archaeology.item_catagory}}",
                    "CategoryColorOverride": {
                        "R": 116,
                        "G": 25,
                        "B": 98,
                        "A": 255
                    }
                },
                "moonslime.Archaeology.w_StardewValleyExpandedCP_Stone_of_Yoba": {
                    "CategoryTextOverride": "{{i18n:moonslime.Archaeology.item_catagory}}",
                    "CategoryColorOverride": {
                        "R": 116,
                        "G": 25,
                        "B": 98,
                        "A": 255
                    }
                }
            }
        }
    ]
}
