﻿{
    "Changes": [
        {
            "Action": "Load",
            "Target": "Mods/moonslime.ArchaeologySkill/vmv_textures",
            "FromFile": "Assets/vmv_sprites.png"
        },
        {
            "Action": "EditData",
            "Target": "Data/Objects",
            "Entries": {
                "moonslime.Archaeology.h_fossilized_starfish": {
                    "Name": "Hardwood Display: Fossilised Starfish",
                    "DisplayName": "{{i18n:moonslime.Archaeology.h_fossilized_starfish.name}}",
                    "Description": "{{i18n:moonslime.Archaeology.h_fossilized_starfish.description}}",
                    "Type": "Basic",
                    "Category": 0,
                    "Price": 1200,
                    "Texture": "Mods/moonslime.ArchaeologySkill/vmv_textures",
                    "SpriteIndex": 0,
                    "Edibility": -300,
                    "IsDrink": false,
                    "Buffs": null,
                    "GeodeDropsDefaultItems": false,
                    "GeodeDrops": null,
                    "ArtifactSpotChances": null,
                    "ExcludeFromFishingCollection": true,
                    "ExcludeFromShippingCollection": true,
                    "ExcludeFromRandomSale": false,
                    "ContextTags": [
                        "moonslime_artifact",
                        "not_placeable",
                        "mt_vapius",
                        "prehistoric_item",
                        "color_sand",
                        "marine_item",
                        "fossil_item",
                        "mt_vapius_archeology"
                    ],
                    "CustomFields": null
                },
                "moonslime.Archaeology.h_fossilised_moth": {
                    "Name": "Hardwood Display: Fossilised Moth",
                    "DisplayName": "{{i18n:moonslime.Archaeology.h_fossilised_moth.name}}",
                    "Description": "{{i18n:moonslime.Archaeology.h_fossilised_moth.description}}",
                    "Type": "Basic",
                    "Category": 0,
                    "Price": 1400,
                    "Texture": "Mods/moonslime.ArchaeologySkill/vmv_textures",
                    "SpriteIndex": 1,
                    "Edibility": -300,
                    "IsDrink": false,
                    "Buffs": null,
                    "GeodeDropsDefaultItems": false,
                    "GeodeDrops": null,
                    "ArtifactSpotChances": null,
                    "ExcludeFromFishingCollection": true,
                    "ExcludeFromShippingCollection": true,
                    "ExcludeFromRandomSale": false,
                    "ContextTags": [
                        "moonslime_artifact",
                        "not_placeable",
                        "mt_vapius",
                        "prehistoric_item",
                        "color_sand",
                        "fossil_item",
                        "mt_vapius_archeology"
                    ],
                    "CustomFields": null
                },
                "moonslime.Archaeology.h_fossilised_fern": {
                    "Name": "Hardwood Display: Fossilised Fern",
                    "DisplayName": "{{i18n:moonslime.Archaeology.h_fossilised_fern.name}}",
                    "Description": "{{i18n:moonslime.Archaeology.h_fossilised_fern.description}}",
                    "Type": "Basic",
                    "Category": 0,
                    "Price": 1600,
                    "Texture": "Mods/moonslime.ArchaeologySkill/vmv_textures",
                    "SpriteIndex": 2,
                    "Edibility": -300,
                    "IsDrink": false,
                    "Buffs": null,
                    "GeodeDropsDefaultItems": false,
                    "GeodeDrops": null,
                    "ArtifactSpotChances": null,
                    "ExcludeFromFishingCollection": true,
                    "ExcludeFromShippingCollection": true,
                    "ExcludeFromRandomSale": false,
                    "ContextTags": [
                        "moonslime_artifact",
                        "not_placeable",
                        "mt_vapius",
                        "prehistoric_item",
                        "color_sand",
                        "fossil_item",
                        "mt_vapius_archeology"
                    ],
                    "CustomFields": null
                },
                "moonslime.Archaeology.h_fossilised_fish": {
                    "Name": "Hardwood Display: Fossilised Fish",
                    "DisplayName": "{{i18n:moonslime.Archaeology.h_fossilised_fish.name}}",
                    "Description": "{{i18n:moonslime.Archaeology.h_fossilised_fish.description}}",
                    "Type": "Basic",
                    "Category": 0,
                    "Price": 1680,
                    "Texture": "Mods/moonslime.ArchaeologySkill/vmv_textures",
                    "SpriteIndex": 3,
                    "Edibility": -300,
                    "IsDrink": false,
                    "Buffs": null,
                    "GeodeDropsDefaultItems": false,
                    "GeodeDrops": null,
                    "ArtifactSpotChances": null,
                    "ExcludeFromFishingCollection": true,
                    "ExcludeFromShippingCollection": true,
                    "ExcludeFromRandomSale": false,
                    "ContextTags": [
                        "moonslime_artifact",
                        "not_placeable",
                        "mt_vapius",
                        "prehistoric_item",
                        "color_sand",
                        "marine_item",
                        "fossil_item",
                        "mt_vapius_archeology"
                    ],
                    "CustomFields": null
                },
                "moonslime.Archaeology.h_fossilised_ammonites": {
                    "Name": "Hardwood Display: Fossilised Ammonites",
                    "DisplayName": "{{i18n:moonslime.Archaeology.h_fossilised_ammonites.name}}",
                    "Description": "{{i18n:moonslime.Archaeology.h_fossilised_ammonites.description}}",
                    "Type": "Basic",
                    "Category": 0,
                    "Price": 1800,
                    "Texture": "Mods/moonslime.ArchaeologySkill/vmv_textures",
                    "SpriteIndex": 4,
                    "Edibility": -300,
                    "IsDrink": false,
                    "Buffs": null,
                    "GeodeDropsDefaultItems": false,
                    "GeodeDrops": null,
                    "ArtifactSpotChances": null,
                    "ExcludeFromFishingCollection": true,
                    "ExcludeFromShippingCollection": true,
                    "ExcludeFromRandomSale": false,
                    "ContextTags": [
                        "moonslime_artifact",
                        "not_placeable",
                        "mt_vapius",
                        "prehistoric_item",
                        "color_sand",
                        "marine_item",
                        "fossil_item",
                        "mt_vapius_archeology"
                    ],
                    "CustomFields": null
                },
                "moonslime.Archaeology.h_giant_tusk": {
                    "Name": "Hardwood Display: Giant Tusl",
                    "DisplayName": "{{i18n:moonslime.Archaeology.h_giant_tusk.name}}",
                    "Description": "{{i18n:moonslime.Archaeology.h_giant_tusk.description}}",
                    "Type": "Basic",
                    "Category": 0,
                    "Price": 2000,
                    "Texture": "Mods/moonslime.ArchaeologySkill/vmv_textures",
                    "SpriteIndex": 5,
                    "Edibility": -300,
                    "IsDrink": false,
                    "Buffs": null,
                    "GeodeDropsDefaultItems": false,
                    "GeodeDrops": null,
                    "ArtifactSpotChances": null,
                    "ExcludeFromFishingCollection": true,
                    "ExcludeFromShippingCollection": true,
                    "ExcludeFromRandomSale": false,
                    "ContextTags": [
                        "moonslime_artifact",
                        "not_placeable",
                        "mt_vapius",
                        "prehistoric_item",
                        "color_white",
                        "mt_vapius_archeology"
                    ],
                    "CustomFields": null
                },
                "moonslime.Archaeology.h_broken_watch": {
                    "Name": "Hardwood Display: Broken Watch",
                    "DisplayName": "{{i18n:moonslime.Archaeology.h_broken_watch.name}}",
                    "Description": "{{i18n:moonslime.Archaeology.h_broken_watch.description}}",
                    "Type": "Basic",
                    "Category": 0,
                    "Price": 2040,
                    "Texture": "Mods/moonslime.ArchaeologySkill/vmv_textures",
                    "SpriteIndex": 6,
                    "Edibility": -300,
                    "IsDrink": false,
                    "Buffs": null,
                    "GeodeDropsDefaultItems": false,
                    "GeodeDrops": null,
                    "ArtifactSpotChances": null,
                    "ExcludeFromFishingCollection": true,
                    "ExcludeFromShippingCollection": true,
                    "ExcludeFromRandomSale": false,
                    "ContextTags": [
                        "moonslime_artifact",
                        "not_placeable",
                        "mt_vapius",
                        "color_gold",
                        "machine_item",
                        "mt_vapius_archeology"
                    ],
                    "CustomFields": null
                },
                "moonslime.Archaeology.h_broken_tea_cup": {
                    "Name": "Hardwood Display: Bone Flute",
                    "DisplayName": "{{i18n:moonslime.Archaeology.h_broken_tea_cup.name}}",
                    "Description": "{{i18n:moonslime.Archaeology.h_broken_tea_cup.description}}",
                    "Type": "Basic",
                    "Category": 0,
                    "Price": 1520,
                    "Texture": "Mods/moonslime.ArchaeologySkill/vmv_textures",
                    "SpriteIndex": 7,
                    "Edibility": -300,
                    "IsDrink": false,
                    "Buffs": null,
                    "GeodeDropsDefaultItems": false,
                    "GeodeDrops": null,
                    "ArtifactSpotChances": null,
                    "ExcludeFromFishingCollection": true,
                    "ExcludeFromShippingCollection": true,
                    "ExcludeFromRandomSale": false,
                    "ContextTags": [
                        "moonslime_artifact",
                        "not_placeable",
                        "mt_vapius",
                        "color_white",
                        "ceramic_item",
                        "mt_vapius_archeology"
                    ],
                    "CustomFields": null
                },
                "moonslime.Archaeology.h_efficient_cog": {
                    "Name": "Hardwood Display: Efficient Cog",
                    "DisplayName": "{{i18n:moonslime.Archaeology.h_efficient_cog.name}}",
                    "Description": "{{i18n:moonslime.Archaeology.h_efficient_cog.description}}",
                    "Type": "Basic",
                    "Category": 0,
                    "Price": 3000,
                    "Texture": "Mods/moonslime.ArchaeologySkill/vmv_textures",
                    "SpriteIndex": 8,
                    "Edibility": -300,
                    "IsDrink": false,
                    "Buffs": null,
                    "GeodeDropsDefaultItems": false,
                    "GeodeDrops": null,
                    "ArtifactSpotChances": null,
                    "ExcludeFromFishingCollection": true,
                    "ExcludeFromShippingCollection": true,
                    "ExcludeFromRandomSale": false,
                    "ContextTags": [
                        "moonslime_artifact",
                        "not_placeable",
                        "mt_vapius",
                        "color_purple",
                        "machine_item",
                        "mt_vapius_archeology"
                    ],
                    "CustomFields": null
                },
                "moonslime.Archaeology.h_dwarvish_device": {
                    "Name": "Hardwood Display: Dwarvish Device",
                    "DisplayName": "{{i18n:moonslime.Archaeology.h_dwarvish_device.name}}",
                    "Description": "{{i18n:moonslime.Archaeology.h_dwarvish_device.description}}",
                    "Type": "Basic",
                    "Category": 0,
                    "Price": 2360,
                    "Texture": "Mods/moonslime.ArchaeologySkill/vmv_textures",
                    "SpriteIndex": 9,
                    "Edibility": -300,
                    "IsDrink": false,
                    "Buffs": null,
                    "GeodeDropsDefaultItems": false,
                    "GeodeDrops": null,
                    "ArtifactSpotChances": null,
                    "ExcludeFromFishingCollection": true,
                    "ExcludeFromShippingCollection": true,
                    "ExcludeFromRandomSale": false,
                    "ContextTags": [
                        "moonslime_artifact",
                        "not_placeable",
                        "mt_vapius",
                        "color_purple",
                        "machine_item",
                        "mt_vapius_archeology"
                    ],
                    "CustomFields": null
                },
                "moonslime.Archaeology.h_rusty_chest": {
                    "Name": "Hardwood Display: Rusty Chest",
                    "DisplayName": "{{i18n:moonslime.Archaeology.h_rusty_chest.name}}",
                    "Description": "{{i18n:moonslime.Archaeology.h_rusty_chest.description}}",
                    "Type": "Basic",
                    "Category": 0,
                    "Price": 1200,
                    "Texture": "Mods/moonslime.ArchaeologySkill/vmv_textures",
                    "SpriteIndex": 10,
                    "Edibility": -300,
                    "IsDrink": false,
                    "Buffs": null,
                    "GeodeDropsDefaultItems": false,
                    "GeodeDrops": null,
                    "ArtifactSpotChances": null,
                    "ExcludeFromFishingCollection": true,
                    "ExcludeFromShippingCollection": true,
                    "ExcludeFromRandomSale": false,
                    "ContextTags": [
                        "moonslime_artifact",
                        "not_placeable",
                        "color_grey",
                        "mt_vapius_archeology"
                    ],
                    "CustomFields": null
                },
                "moonslime.Archaeology.h_petrified_flower": {
                    "Name": "Hardwood Display: Petrified Flower",
                    "DisplayName": "{{i18n:moonslime.Archaeology.h_petrified_flower.name}}",
                    "Description": "{{i18n:moonslime.Archaeology.h_petrified_flower.description}}",
                    "Type": "Basic",
                    "Category": 0,
                    "Price": 1640,
                    "Texture": "Mods/moonslime.ArchaeologySkill/vmv_textures",
                    "SpriteIndex": 11,
                    "Edibility": -300,
                    "IsDrink": false,
                    "Buffs": null,
                    "GeodeDropsDefaultItems": false,
                    "GeodeDrops": null,
                    "ArtifactSpotChances": null,
                    "ExcludeFromFishingCollection": true,
                    "ExcludeFromShippingCollection": true,
                    "ExcludeFromRandomSale": false,
                    "ContextTags": [
                        "moonslime_artifact",
                        "not_placeable",
                        "mt_vapius",
                        "prehistoric_item",
                        "color_sand",
                        "marine_item",
                        "fossil_item",
                        "mt_vapius_archeology"
                    ],
                    "CustomFields": null
                },
                "moonslime.Archaeology.h_railroad_nail": {
                    "Name": "Hardwood Display: Railroad Nail",
                    "DisplayName": "{{i18n:moonslime.Archaeology.h_railroad_nail.name}}",
                    "Description": "{{i18n:moonslime.Archaeology.h_railroad_nail.description}}",
                    "Type": "Basic",
                    "Category": 0,
                    "Price": 812,
                    "Texture": "Mods/moonslime.ArchaeologySkill/vmv_textures",
                    "SpriteIndex": 12,
                    "Edibility": -300,
                    "IsDrink": false,
                    "Buffs": null,
                    "GeodeDropsDefaultItems": false,
                    "GeodeDrops": null,
                    "ArtifactSpotChances": null,
                    "ExcludeFromFishingCollection": true,
                    "ExcludeFromShippingCollection": true,
                    "ExcludeFromRandomSale": false,
                    "ContextTags": [
                        "moonslime_artifact",
                        "not_placeable",
                        "mt_vapius",
                        "color_black",
                        "mt_vapius_archeology"
                    ],
                    "CustomFields": null
                },
                "moonslime.Archaeology.h_dahu_statuette": {
                    "Name": "Hardwood Display: Dahu Statuette",
                    "DisplayName": "{{i18n:moonslime.Archaeology.h_dahu_statuette.name}}",
                    "Description": "{{i18n:moonslime.Archaeology.h_dahu_statuette.description}}",
                    "Type": "Basic",
                    "Category": 0,
                    "Price": 1580,
                    "Texture": "Mods/moonslime.ArchaeologySkill/vmv_textures",
                    "SpriteIndex": 13,
                    "Edibility": -300,
                    "IsDrink": false,
                    "Buffs": null,
                    "GeodeDropsDefaultItems": false,
                    "GeodeDrops": null,
                    "ArtifactSpotChances": null,
                    "ExcludeFromFishingCollection": true,
                    "ExcludeFromShippingCollection": true,
                    "ExcludeFromRandomSale": false,
                    "ContextTags": [
                        "moonslime_artifact",
                        "not_placeable",
                        "mt_vapius",
                        "color_brown",
                        "mt_vapius_archeology"
                    ],
                    "CustomFields": null
                },
                "moonslime.Archaeology.h_faience_plate": {
                    "Name": "Hardwood Display: Faience Plate",
                    "DisplayName": "{{i18n:moonslime.Archaeology.h_faience_plate.name}}",
                    "Description": "{{i18n:moonslime.Archaeology.h_faience_plate.description}}",
                    "Type": "Basic",
                    "Category": 0,
                    "Price": 1100,
                    "Texture": "Mods/moonslime.ArchaeologySkill/vmv_textures",
                    "SpriteIndex": 14,
                    "Edibility": -300,
                    "IsDrink": false,
                    "Buffs": null,
                    "GeodeDropsDefaultItems": false,
                    "GeodeDrops": null,
                    "ArtifactSpotChances": null,
                    "ExcludeFromFishingCollection": true,
                    "ExcludeFromShippingCollection": true,
                    "ExcludeFromRandomSale": false,
                    "ContextTags": [
                        "moonslime_artifact",
                        "not_placeable",
                        "mt_vapius",
                        "color_white",
                        "ceramic_item",
                        "mt_vapius_archeology"
                    ],
                    "CustomFields": null
                },
                "moonslime.Archaeology.h_copper_fibula": {
                    "Name": "Hardwood Display: Copper Fibula",
                    "DisplayName": "{{i18n:moonslime.Archaeology.h_copper_fibula.name}}",
                    "Description": "{{i18n:moonslime.Archaeology.h_copper_fibula.description}}",
                    "Type": "Basic",
                    "Category": 0,
                    "Price": 1872,
                    "Texture": "Mods/moonslime.ArchaeologySkill/vmv_textures",
                    "SpriteIndex": 15,
                    "Edibility": -300,
                    "IsDrink": false,
                    "Buffs": null,
                    "GeodeDropsDefaultItems": false,
                    "GeodeDrops": null,
                    "ArtifactSpotChances": null,
                    "ExcludeFromFishingCollection": true,
                    "ExcludeFromShippingCollection": true,
                    "ExcludeFromRandomSale": false,
                    "ContextTags": [
                        "moonslime_artifact",
                        "not_placeable",
                        "mt_vapius",
                        "color_green",
                        "prehistoric_item",
                        "mt_vapius_archeology"
                    ],
                    "CustomFields": null
                },
                "moonslime.Archaeology.h_glassb_bowl": {
                    "Name": "Hardwood Display: Glass Bowl",
                    "DisplayName": "{{i18n:moonslime.Archaeology.h_glassb_bowl.name}}",
                    "Description": "{{i18n:moonslime.Archaeology.h_glassb_bowl.description}}",
                    "Type": "Basic",
                    "Category": 0,
                    "Price": 1536,
                    "Texture": "Mods/moonslime.ArchaeologySkill/vmv_textures",
                    "SpriteIndex": 16,
                    "Edibility": -300,
                    "IsDrink": false,
                    "Buffs": null,
                    "GeodeDropsDefaultItems": false,
                    "GeodeDrops": null,
                    "ArtifactSpotChances": null,
                    "ExcludeFromFishingCollection": true,
                    "ExcludeFromShippingCollection": true,
                    "ExcludeFromRandomSale": false,
                    "ContextTags": [
                        "moonslime_artifact",
                        "not_placeable",
                        "mt_vapius",
                        "color_blue",
                        "prehistoric_item",
                        "mt_vapius_archeology"
                    ],
                    "CustomFields": null
                },
                "moonslime.Archaeology.h_fragment_mask": {
                    "Name": "Hardwood Display: Fragment Mask",
                    "DisplayName": "{{i18n:moonslime.Archaeology.h_fragment_mask.name}}",
                    "Description": "{{i18n:moonslime.Archaeology.h_fragment_mask.description}}",
                    "Type": "Basic",
                    "Category": 0,
                    "Price": 2768,
                    "Texture": "Mods/moonslime.ArchaeologySkill/vmv_textures",
                    "SpriteIndex": 17,
                    "Edibility": -300,
                    "IsDrink": false,
                    "Buffs": null,
                    "GeodeDropsDefaultItems": false,
                    "GeodeDrops": null,
                    "ArtifactSpotChances": null,
                    "ExcludeFromFishingCollection": true,
                    "ExcludeFromShippingCollection": true,
                    "ExcludeFromRandomSale": false,
                    "ContextTags": [
                        "moonslime_artifact",
                        "not_placeable",
                        "mt_vapius",
                        "color_blue",
                        "prehistoric_item",
                        "mt_vapius_archeology"
                    ],
                    "CustomFields": null
                },
                "moonslime.Archaeology.h_old_miner_lamp": {
                    "Name": "Hardwood Display: Old Miner Lamp",
                    "DisplayName": "{{i18n:moonslime.Archaeology.h_old_miner_lamp.name}}",
                    "Description": "{{i18n:moonslime.Archaeology.h_old_miner_lamp.description}}",
                    "Type": "Basic",
                    "Category": 0,
                    "Price": 1552,
                    "Texture": "Mods/moonslime.ArchaeologySkill/vmv_textures",
                    "SpriteIndex": 18,
                    "Edibility": -300,
                    "IsDrink": false,
                    "Buffs": null,
                    "GeodeDropsDefaultItems": false,
                    "GeodeDrops": null,
                    "ArtifactSpotChances": null,
                    "ExcludeFromFishingCollection": true,
                    "ExcludeFromShippingCollection": true,
                    "ExcludeFromRandomSale": false,
                    "ContextTags": [
                        "moonslime_artifact",
                        "not_placeable",
                        "mt_vapius",
                        "color_iron",
                        "mt_vapius_archeology"
                    ],
                    "CustomFields": null
                },
                "moonslime.Archaeology.h_rusty_ring": {
                    "Name": "Hardwood Display: Rusty Ring",
                    "DisplayName": "{{i18n:moonslime.Archaeology.h_rusty_ring.name}}",
                    "Description": "{{i18n:moonslime.Archaeology.h_rusty_ring.description}}",
                    "Type": "Basic",
                    "Category": 0,
                    "Price": 1444,
                    "Texture": "Mods/moonslime.ArchaeologySkill/vmv_textures",
                    "SpriteIndex": 19,
                    "Edibility": -300,
                    "IsDrink": false,
                    "Buffs": null,
                    "GeodeDropsDefaultItems": false,
                    "GeodeDrops": null,
                    "ArtifactSpotChances": null,
                    "ExcludeFromFishingCollection": true,
                    "ExcludeFromShippingCollection": true,
                    "ExcludeFromRandomSale": false,
                    "ContextTags": [
                        "moonslime_artifact",
                        "not_placeable",
                        "mt_vapius",
                        "color_brown",
                        "mt_vapius_archeology"
                    ],
                    "CustomFields": null
                },
                "moonslime.Archaeology.h_stained_glass": {
                    "Name": "Hardwood Display: Stained Glass",
                    "DisplayName": "{{i18n:moonslime.Archaeology.h_stained_glass.name}}",
                    "Description": "{{i18n:moonslime.Archaeology.h_stained_glass.description}}",
                    "Type": "Basic",
                    "Category": 0,
                    "Price": 1300,
                    "Texture": "Mods/moonslime.ArchaeologySkill/vmv_textures",
                    "SpriteIndex": 20,
                    "Edibility": -300,
                    "IsDrink": false,
                    "Buffs": null,
                    "GeodeDropsDefaultItems": false,
                    "GeodeDrops": null,
                    "ArtifactSpotChances": null,
                    "ExcludeFromFishingCollection": true,
                    "ExcludeFromShippingCollection": true,
                    "ExcludeFromRandomSale": false,
                    "ContextTags": [
                        "moonslime_artifact",
                        "not_placeable",
                        "mt_vapius",
                        "color_blue",
                        "mt_vapius_archeology"
                    ],
                    "CustomFields": null
                },
                "moonslime.Archaeology.h_blue_cameo": {
                    "Name": "Hardwood Display: Blue Cameo",
                    "DisplayName": "{{i18n:moonslime.Archaeology.h_fossilized_ribs.name}}",
                    "Description": "{{i18n:moonslime.Archaeology.h_fossilized_ribs.description}}",
                    "Type": "Basic",
                    "Category": 0,
                    "Price": 1640,
                    "Texture": "Mods/moonslime.ArchaeologySkill/vmv_textures",
                    "SpriteIndex": 21,
                    "Edibility": -300,
                    "IsDrink": false,
                    "Buffs": null,
                    "GeodeDropsDefaultItems": false,
                    "GeodeDrops": null,
                    "ArtifactSpotChances": null,
                    "ExcludeFromFishingCollection": true,
                    "ExcludeFromShippingCollection": true,
                    "ExcludeFromRandomSale": false,
                    "ContextTags": [
                        "moonslime_artifact",
                        "not_placeable",
                        "mt_vapius",
                        "color_blue",
                        "mt_vapius_archeology"
                    ],
                    "CustomFields": null
                },
                "moonslime.Archaeology.h_broken_sundial": {
                    "Name": "Hardwood Display: Broken Sundial",
                    "DisplayName": "{{i18n:moonslime.Archaeology.h_broken_sundial.name}}",
                    "Description": "{{i18n:moonslime.Archaeology.h_broken_sundial.description}}",
                    "Type": "Basic",
                    "Category": 0,
                    "Price": 1060,
                    "Texture": "Mods/moonslime.ArchaeologySkill/vmv_textures",
                    "SpriteIndex": 22,
                    "Edibility": -300,
                    "IsDrink": false,
                    "Buffs": null,
                    "GeodeDropsDefaultItems": false,
                    "GeodeDrops": null,
                    "ArtifactSpotChances": null,
                    "ExcludeFromFishingCollection": true,
                    "ExcludeFromShippingCollection": true,
                    "ExcludeFromRandomSale": false,
                    "ContextTags": [
                        "moonslime_artifact",
                        "not_placeable",
                        "mt_vapius",
                        "color_sand",
                        "mt_vapius_archeology"
                    ],
                    "CustomFields": null
                },
                "moonslime.Archaeology.h_old_shield": {
                    "Name": "Hardwood Display: Old Shield",
                    "DisplayName": "{{i18n:moonslime.Archaeology.h_old_shield.name}}",
                    "Description": "{{i18n:moonslime.Archaeology.h_old_shield.description}}",
                    "Type": "Basic",
                    "Category": 0,
                    "Price": 748,
                    "Texture": "Mods/moonslime.ArchaeologySkill/vmv_textures",
                    "SpriteIndex": 23,
                    "Edibility": -300,
                    "IsDrink": false,
                    "Buffs": null,
                    "GeodeDropsDefaultItems": false,
                    "GeodeDrops": null,
                    "ArtifactSpotChances": null,
                    "ExcludeFromFishingCollection": true,
                    "ExcludeFromShippingCollection": true,
                    "ExcludeFromRandomSale": false,
                    "ContextTags": [
                        "moonslime_artifact",
                        "not_placeable",
                        "mt_vapius",
                        "color_blue",
                        "mt_vapius_archeology"
                    ],
                    "CustomFields": null
                },
                "moonslime.Archaeology.h_fragment_of_fossil_I": {
                    "Name": "Hardwood Display: Fragment of Fossil I",
                    "DisplayName": "{{i18n:moonslime.Archaeology.h_fragment_of_fossil_I.name}}",
                    "Description": "{{i18n:moonslime.Archaeology.h_fragment_of_fossil_I.description}}",
                    "Type": "Basic",
                    "Category": 0,
                    "Price": 2440,
                    "Texture": "Mods/moonslime.ArchaeologySkill/vmv_textures",
                    "SpriteIndex": 24,
                    "Edibility": -300,
                    "IsDrink": false,
                    "Buffs": null,
                    "GeodeDropsDefaultItems": false,
                    "GeodeDrops": null,
                    "ArtifactSpotChances": null,
                    "ExcludeFromFishingCollection": true,
                    "ExcludeFromShippingCollection": true,
                    "ExcludeFromRandomSale": false,
                    "ContextTags": [
                        "moonslime_artifact",
                        "not_placeable",
                        "mt_vapius",
                        "fossil_item",
                        "prehistoric_item",
                        "color_sand",
                        "mt_vapius_archeology"
                    ],
                    "CustomFields": null
                },
                "moonslime.Archaeology.h_fragment_of_fossil_II": {
                    "Name": "Hardwood Display: Fragment of Fossil II",
                    "DisplayName": "{{i18n:moonslime.Archaeology.h_fragment_of_fossil_II.name}}",
                    "Description": "{{i18n:moonslime.Archaeology.h_fragment_of_fossil_II.description}}",
                    "Type": "Basic",
                    "Category": 0,
                    "Price": 2000,
                    "Texture": "Mods/moonslime.ArchaeologySkill/vmv_textures",
                    "SpriteIndex": 25,
                    "Edibility": -300,
                    "IsDrink": false,
                    "Buffs": null,
                    "GeodeDropsDefaultItems": false,
                    "GeodeDrops": null,
                    "ArtifactSpotChances": null,
                    "ExcludeFromFishingCollection": true,
                    "ExcludeFromShippingCollection": true,
                    "ExcludeFromRandomSale": false,
                    "ContextTags": [
                        "moonslime_artifact",
                        "not_placeable",
                        "mt_vapius",
                        "fossil_item",
                        "prehistoric_item",
                        "color_sand",
                        "mt_vapius_archeology"
                    ],
                    "CustomFields": null
                },
                "moonslime.Archaeology.h_fragment_of_fossil_III": {
                    "Name": "Hardwood Display: Fragment of Fossil III",
                    "DisplayName": "{{i18n:moonslime.Archaeology.h_fragment_of_fossil_III.name}}",
                    "Description": "{{i18n:moonslime.Archaeology.h_fragment_of_fossil_III.description}}",
                    "Type": "Basic",
                    "Category": 0,
                    "Price": 2240,
                    "Texture": "Mods/moonslime.ArchaeologySkill/vmv_textures",
                    "SpriteIndex": 26,
                    "Edibility": -300,
                    "IsDrink": false,
                    "Buffs": null,
                    "GeodeDropsDefaultItems": false,
                    "GeodeDrops": null,
                    "ArtifactSpotChances": null,
                    "ExcludeFromFishingCollection": true,
                    "ExcludeFromShippingCollection": true,
                    "ExcludeFromRandomSale": false,
                    "ContextTags": [
                        "moonslime_artifact",
                        "not_placeable",
                        "mt_vapius",
                        "fossil_item",
                        "prehistoric_item",
                        "color_sand",
                        "mt_vapius_archeology"
                    ],
                    "CustomFields": null
                },
                "moonslime.Archaeology.h_rare_stamp": {
                    "Name": "Hardwood Display: Rare Stamp",
                    "DisplayName": "{{i18n:moonslime.Archaeology.h_rare_stamp.name}}",
                    "Description": "{{i18n:moonslime.Archaeology.h_rare_stamp.description}}",
                    "Type": "Basic",
                    "Category": 0,
                    "Price": 1944,
                    "Texture": "Mods/moonslime.ArchaeologySkill/vmv_textures",
                    "SpriteIndex": 27,
                    "Edibility": -300,
                    "IsDrink": false,
                    "Buffs": null,
                    "GeodeDropsDefaultItems": false,
                    "GeodeDrops": null,
                    "ArtifactSpotChances": null,
                    "ExcludeFromFishingCollection": true,
                    "ExcludeFromShippingCollection": true,
                    "ExcludeFromRandomSale": false,
                    "ContextTags": [
                        "moonslime_artifact",
                        "not_placeable",
                        "mt_vapius",
                        "color_white",
                        "mt_vapius_archeology"
                    ],
                    "CustomFields": null
                },
                "moonslime.Archaeology.h_medallion": {
                    "Name": "Hardwood Display: Medallion",
                    "DisplayName": "{{i18n:moonslime.Archaeology.h_medallion.name}}",
                    "Description": "{{i18n:moonslime.Archaeology.h_medallion.description}}",
                    "Type": "Basic",
                    "Category": 0,
                    "Price": 1640,
                    "Texture": "Mods/moonslime.ArchaeologySkill/vmv_textures",
                    "SpriteIndex": 28,
                    "Edibility": -300,
                    "IsDrink": false,
                    "Buffs": null,
                    "GeodeDropsDefaultItems": false,
                    "GeodeDrops": null,
                    "ArtifactSpotChances": null,
                    "ExcludeFromFishingCollection": true,
                    "ExcludeFromShippingCollection": true,
                    "ExcludeFromRandomSale": false,
                    "ContextTags": [
                        "moonslime_artifact",
                        "not_placeable",
                        "mt_vapius",
                        "color_gold",
                        "mt_vapius_archeology"
                    ],
                    "CustomFields": null
                },
                "moonslime.Archaeology.h_cyanotype": {
                    "Name": "Hardwood Display: Cyanotype",
                    "DisplayName": "{{i18n:moonslime.Archaeology.h_cyanotype.name}}",
                    "Description": "{{i18n:moonslime.Archaeology.h_cyanotype.description}}",
                    "Type": "Basic",
                    "Category": 0,
                    "Price": 2600,
                    "Texture": "Mods/moonslime.ArchaeologySkill/vmv_textures",
                    "SpriteIndex": 29,
                    "Edibility": -300,
                    "IsDrink": false,
                    "Buffs": null,
                    "GeodeDropsDefaultItems": false,
                    "GeodeDrops": null,
                    "ArtifactSpotChances": null,
                    "ExcludeFromFishingCollection": true,
                    "ExcludeFromShippingCollection": true,
                    "ExcludeFromRandomSale": false,
                    "ContextTags": [
                        "moonslime_artifact",
                        "not_placeable",
                        "mt_vapius",
                        "color_blue",
                        "mt_vapius_archeology"
                    ],
                    "CustomFields": null
                },
                "moonslime.Archaeology.w_fossilized_starfish": {
                    "Name": "Wooden Display: Fossilised Starfish",
                    "DisplayName": "{{i18n:moonslime.Archaeology.w_fossilized_starfish.name}}",
                    "Description": "{{i18n:moonslime.Archaeology.w_fossilized_starfish.description}}",
                    "Type": "Basic",
                    "Category": 0,
                    "Price": 600,
                    "Texture": "Mods/moonslime.ArchaeologySkill/vmv_textures",
                    "SpriteIndex": 39,
                    "Edibility": -300,
                    "IsDrink": false,
                    "Buffs": null,
                    "GeodeDropsDefaultItems": false,
                    "GeodeDrops": null,
                    "ArtifactSpotChances": null,
                    "ExcludeFromFishingCollection": true,
                    "ExcludeFromShippingCollection": true,
                    "ExcludeFromRandomSale": false,
                    "ContextTags": [
                        "moonslime_artifact",
                        "not_placeable",
                        "mt_vapius",
                        "prehistoric_item",
                        "color_sand",
                        "marine_item",
                        "fossil_item",
                        "mt_vapius_archeology"
                    ],
                    "CustomFields": null
                },
                "moonslime.Archaeology.w_fossilised_moth": {
                    "Name": "Wooden Display: Fossilised Moth",
                    "DisplayName": "{{i18n:moonslime.Archaeology.w_fossilised_moth.name}}",
                    "Description": "{{i18n:moonslime.Archaeology.w_fossilised_moth.description}}",
                    "Type": "Basic",
                    "Category": 0,
                    "Price": 700,
                    "Texture": "Mods/moonslime.ArchaeologySkill/vmv_textures",
                    "SpriteIndex": 40,
                    "Edibility": -300,
                    "IsDrink": false,
                    "Buffs": null,
                    "GeodeDropsDefaultItems": false,
                    "GeodeDrops": null,
                    "ArtifactSpotChances": null,
                    "ExcludeFromFishingCollection": true,
                    "ExcludeFromShippingCollection": true,
                    "ExcludeFromRandomSale": false,
                    "ContextTags": [
                        "moonslime_artifact",
                        "not_placeable",
                        "mt_vapius",
                        "prehistoric_item",
                        "color_sand",
                        "fossil_item",
                        "mt_vapius_archeology"
                    ],
                    "CustomFields": null
                },
                "moonslime.Archaeology.w_fossilised_fern": {
                    "Name": "Wooden Display: Fossilised Fern",
                    "DisplayName": "{{i18n:moonslime.Archaeology.w_fossilised_fern.name}}",
                    "Description": "{{i18n:moonslime.Archaeology.w_fossilised_fern.description}}",
                    "Type": "Basic",
                    "Category": 0,
                    "Price": 800,
                    "Texture": "Mods/moonslime.ArchaeologySkill/vmv_textures",
                    "SpriteIndex": 41,
                    "Edibility": -300,
                    "IsDrink": false,
                    "Buffs": null,
                    "GeodeDropsDefaultItems": false,
                    "GeodeDrops": null,
                    "ArtifactSpotChances": null,
                    "ExcludeFromFishingCollection": true,
                    "ExcludeFromShippingCollection": true,
                    "ExcludeFromRandomSale": false,
                    "ContextTags": [
                        "moonslime_artifact",
                        "not_placeable",
                        "mt_vapius",
                        "prehistoric_item",
                        "color_sand",
                        "fossil_item",
                        "mt_vapius_archeology"
                    ],
                    "CustomFields": null
                },
                "moonslime.Archaeology.w_fossilised_fish": {
                    "Name": "Wooden Display: Fossilised Fish",
                    "DisplayName": "{{i18n:moonslime.Archaeology.w_fossilised_fish.name}}",
                    "Description": "{{i18n:moonslime.Archaeology.w_fossilised_fish.description}}",
                    "Type": "Basic",
                    "Category": 0,
                    "Price": 840,
                    "Texture": "Mods/moonslime.ArchaeologySkill/vmv_textures",
                    "SpriteIndex": 42,
                    "Edibility": -300,
                    "IsDrink": false,
                    "Buffs": null,
                    "GeodeDropsDefaultItems": false,
                    "GeodeDrops": null,
                    "ArtifactSpotChances": null,
                    "ExcludeFromFishingCollection": true,
                    "ExcludeFromShippingCollection": true,
                    "ExcludeFromRandomSale": false,
                    "ContextTags": [
                        "moonslime_artifact",
                        "not_placeable",
                        "mt_vapius",
                        "prehistoric_item",
                        "color_sand",
                        "marine_item",
                        "fossil_item",
                        "mt_vapius_archeology"
                    ],
                    "CustomFields": null
                },
                "moonslime.Archaeology.w_fossilised_ammonites": {
                    "Name": "Wooden Display: Fossilised Ammonites",
                    "DisplayName": "{{i18n:moonslime.Archaeology.w_fossilised_ammonites.name}}",
                    "Description": "{{i18n:moonslime.Archaeology.w_fossilised_ammonites.description}}",
                    "Type": "Basic",
                    "Category": 0,
                    "Price": 950,
                    "Texture": "Mods/moonslime.ArchaeologySkill/vmv_textures",
                    "SpriteIndex": 43,
                    "Edibility": -300,
                    "IsDrink": false,
                    "Buffs": null,
                    "GeodeDropsDefaultItems": false,
                    "GeodeDrops": null,
                    "ArtifactSpotChances": null,
                    "ExcludeFromFishingCollection": true,
                    "ExcludeFromShippingCollection": true,
                    "ExcludeFromRandomSale": false,
                    "ContextTags": [
                        "moonslime_artifact",
                        "not_placeable",
                        "mt_vapius",
                        "prehistoric_item",
                        "color_sand",
                        "marine_item",
                        "fossil_item",
                        "mt_vapius_archeology"
                    ],
                    "CustomFields": null
                },
                "moonslime.Archaeology.w_giant_tusk": {
                    "Name": "Wooden Display: Giant Tusl",
                    "DisplayName": "{{i18n:moonslime.Archaeology.w_giant_tusk.name}}",
                    "Description": "{{i18n:moonslime.Archaeology.w_giant_tusk.description}}",
                    "Type": "Basic",
                    "Category": 0,
                    "Price": 1000,
                    "Texture": "Mods/moonslime.ArchaeologySkill/vmv_textures",
                    "SpriteIndex": 44,
                    "Edibility": -300,
                    "IsDrink": false,
                    "Buffs": null,
                    "GeodeDropsDefaultItems": false,
                    "GeodeDrops": null,
                    "ArtifactSpotChances": null,
                    "ExcludeFromFishingCollection": true,
                    "ExcludeFromShippingCollection": true,
                    "ExcludeFromRandomSale": false,
                    "ContextTags": [
                        "moonslime_artifact",
                        "not_placeable",
                        "mt_vapius",
                        "prehistoric_item",
                        "color_white",
                        "mt_vapius_archeology"
                    ],
                    "CustomFields": null
                },
                "moonslime.Archaeology.w_broken_watch": {
                    "Name": "Wooden Display: Broken Watch",
                    "DisplayName": "{{i18n:moonslime.Archaeology.w_broken_watch.name}}",
                    "Description": "{{i18n:moonslime.Archaeology.w_broken_watch.description}}",
                    "Type": "Basic",
                    "Category": 0,
                    "Price": 1020,
                    "Texture": "Mods/moonslime.ArchaeologySkill/vmv_textures",
                    "SpriteIndex": 45,
                    "Edibility": -300,
                    "IsDrink": false,
                    "Buffs": null,
                    "GeodeDropsDefaultItems": false,
                    "GeodeDrops": null,
                    "ArtifactSpotChances": null,
                    "ExcludeFromFishingCollection": true,
                    "ExcludeFromShippingCollection": true,
                    "ExcludeFromRandomSale": false,
                    "ContextTags": [
                        "moonslime_artifact",
                        "not_placeable",
                        "mt_vapius",
                        "color_gold",
                        "machine_item",
                        "mt_vapius_archeology"
                    ],
                    "CustomFields": null
                },
                "moonslime.Archaeology.w_broken_tea_cup": {
                    "Name": "Wooden Display: Bone Flute",
                    "DisplayName": "{{i18n:moonslime.Archaeology.w_broken_tea_cup.name}}",
                    "Description": "{{i18n:moonslime.Archaeology.w_broken_tea_cup.description}}",
                    "Type": "Basic",
                    "Category": 0,
                    "Price": 760,
                    "Texture": "Mods/moonslime.ArchaeologySkill/vmv_textures",
                    "SpriteIndex": 46,
                    "Edibility": -300,
                    "IsDrink": false,
                    "Buffs": null,
                    "GeodeDropsDefaultItems": false,
                    "GeodeDrops": null,
                    "ArtifactSpotChances": null,
                    "ExcludeFromFishingCollection": true,
                    "ExcludeFromShippingCollection": true,
                    "ExcludeFromRandomSale": false,
                    "ContextTags": [
                        "moonslime_artifact",
                        "not_placeable",
                        "mt_vapius",
                        "color_white",
                        "ceramic_item",
                        "mt_vapius_archeology"
                    ],
                    "CustomFields": null
                },
                "moonslime.Archaeology.w_efficient_cog": {
                    "Name": "Wooden Display: Efficient Cog",
                    "DisplayName": "{{i18n:moonslime.Archaeology.w_efficient_cog.name}}",
                    "Description": "{{i18n:moonslime.Archaeology.w_efficient_cog.description}}",
                    "Type": "Basic",
                    "Category": 0,
                    "Price": 1500,
                    "Texture": "Mods/moonslime.ArchaeologySkill/vmv_textures",
                    "SpriteIndex": 47,
                    "Edibility": -300,
                    "IsDrink": false,
                    "Buffs": null,
                    "GeodeDropsDefaultItems": false,
                    "GeodeDrops": null,
                    "ArtifactSpotChances": null,
                    "ExcludeFromFishingCollection": true,
                    "ExcludeFromShippingCollection": true,
                    "ExcludeFromRandomSale": false,
                    "ContextTags": [
                        "moonslime_artifact",
                        "not_placeable",
                        "mt_vapius",
                        "color_purple",
                        "machine_item",
                        "mt_vapius_archeology"
                    ],
                    "CustomFields": null
                },
                "moonslime.Archaeology.w_dwarvish_device": {
                    "Name": "Wooden Display: Dwarvish Device",
                    "DisplayName": "{{i18n:moonslime.Archaeology.w_dwarvish_device.name}}",
                    "Description": "{{i18n:moonslime.Archaeology.w_dwarvish_device.description}}",
                    "Type": "Basic",
                    "Category": 0,
                    "Price": 1180,
                    "Texture": "Mods/moonslime.ArchaeologySkill/vmv_textures",
                    "SpriteIndex": 48,
                    "Edibility": -300,
                    "IsDrink": false,
                    "Buffs": null,
                    "GeodeDropsDefaultItems": false,
                    "GeodeDrops": null,
                    "ArtifactSpotChances": null,
                    "ExcludeFromFishingCollection": true,
                    "ExcludeFromShippingCollection": true,
                    "ExcludeFromRandomSale": false,
                    "ContextTags": [
                        "moonslime_artifact",
                        "not_placeable",
                        "mt_vapius",
                        "color_purple",
                        "machine_item",
                        "mt_vapius_archeology"
                    ],
                    "CustomFields": null
                },
                "moonslime.Archaeology.w_rusty_chest": {
                    "Name": "Wooden Display: Rusty Chest",
                    "DisplayName": "{{i18n:moonslime.Archaeology.w_rusty_chest.name}}",
                    "Description": "{{i18n:moonslime.Archaeology.w_rusty_chest.description}}",
                    "Type": "Basic",
                    "Category": 0,
                    "Price": 600,
                    "Texture": "Mods/moonslime.ArchaeologySkill/vmv_textures",
                    "SpriteIndex": 49,
                    "Edibility": -300,
                    "IsDrink": false,
                    "Buffs": null,
                    "GeodeDropsDefaultItems": false,
                    "GeodeDrops": null,
                    "ArtifactSpotChances": null,
                    "ExcludeFromFishingCollection": true,
                    "ExcludeFromShippingCollection": true,
                    "ExcludeFromRandomSale": false,
                    "ContextTags": [
                        "moonslime_artifact",
                        "not_placeable",
                        "color_grey",
                        "mt_vapius_archeology"
                    ],
                    "CustomFields": null
                },
                "moonslime.Archaeology.w_petrified_flower": {
                    "Name": "Wooden Display: Petrified Flower",
                    "DisplayName": "{{i18n:moonslime.Archaeology.w_petrified_flower.name}}",
                    "Description": "{{i18n:moonslime.Archaeology.w_petrified_flower.description}}",
                    "Type": "Basic",
                    "Category": 0,
                    "Price": 820,
                    "Texture": "Mods/moonslime.ArchaeologySkill/vmv_textures",
                    "SpriteIndex": 50,
                    "Edibility": -300,
                    "IsDrink": false,
                    "Buffs": null,
                    "GeodeDropsDefaultItems": false,
                    "GeodeDrops": null,
                    "ArtifactSpotChances": null,
                    "ExcludeFromFishingCollection": true,
                    "ExcludeFromShippingCollection": true,
                    "ExcludeFromRandomSale": false,
                    "ContextTags": [
                        "moonslime_artifact",
                        "not_placeable",
                        "mt_vapius",
                        "prehistoric_item",
                        "color_sand",
                        "marine_item",
                        "fossil_item",
                        "mt_vapius_archeology"
                    ],
                    "CustomFields": null
                },
                "moonslime.Archaeology.w_railroad_nail": {
                    "Name": "Wooden Display: Railroad Nail",
                    "DisplayName": "{{i18n:moonslime.Archaeology.w_railroad_nail.name}}",
                    "Description": "{{i18n:moonslime.Archaeology.w_railroad_nail.description}}",
                    "Type": "Basic",
                    "Category": 0,
                    "Price": 406,
                    "Texture": "Mods/moonslime.ArchaeologySkill/vmv_textures",
                    "SpriteIndex": 51,
                    "Edibility": -300,
                    "IsDrink": false,
                    "Buffs": null,
                    "GeodeDropsDefaultItems": false,
                    "GeodeDrops": null,
                    "ArtifactSpotChances": null,
                    "ExcludeFromFishingCollection": true,
                    "ExcludeFromShippingCollection": true,
                    "ExcludeFromRandomSale": false,
                    "ContextTags": [
                        "moonslime_artifact",
                        "not_placeable",
                        "mt_vapius",
                        "color_black",
                        "mt_vapius_archeology"
                    ],
                    "CustomFields": null
                },
                "moonslime.Archaeology.w_dahu_statuette": {
                    "Name": "Wooden Display: Dahu Statuette",
                    "DisplayName": "{{i18n:moonslime.Archaeology.w_dahu_statuette.name}}",
                    "Description": "{{i18n:moonslime.Archaeology.w_dahu_statuette.description}}",
                    "Type": "Basic",
                    "Category": 0,
                    "Price": 790,
                    "Texture": "Mods/moonslime.ArchaeologySkill/vmv_textures",
                    "SpriteIndex": 52,
                    "Edibility": -300,
                    "IsDrink": false,
                    "Buffs": null,
                    "GeodeDropsDefaultItems": false,
                    "GeodeDrops": null,
                    "ArtifactSpotChances": null,
                    "ExcludeFromFishingCollection": true,
                    "ExcludeFromShippingCollection": true,
                    "ExcludeFromRandomSale": false,
                    "ContextTags": [
                        "moonslime_artifact",
                        "not_placeable",
                        "mt_vapius",
                        "color_brown",
                        "mt_vapius_archeology"
                    ],
                    "CustomFields": null
                },
                "moonslime.Archaeology.w_faience_plate": {
                    "Name": "Wooden Display: Faience Plate",
                    "DisplayName": "{{i18n:moonslime.Archaeology.w_faience_plate.name}}",
                    "Description": "{{i18n:moonslime.Archaeology.w_faience_plate.description}}",
                    "Type": "Basic",
                    "Category": 0,
                    "Price": 550,
                    "Texture": "Mods/moonslime.ArchaeologySkill/vmv_textures",
                    "SpriteIndex": 53,
                    "Edibility": -300,
                    "IsDrink": false,
                    "Buffs": null,
                    "GeodeDropsDefaultItems": false,
                    "GeodeDrops": null,
                    "ArtifactSpotChances": null,
                    "ExcludeFromFishingCollection": true,
                    "ExcludeFromShippingCollection": true,
                    "ExcludeFromRandomSale": false,
                    "ContextTags": [
                        "moonslime_artifact",
                        "not_placeable",
                        "mt_vapius",
                        "color_white",
                        "ceramic_item",
                        "mt_vapius_archeology"
                    ],
                    "CustomFields": null
                },
                "moonslime.Archaeology.w_copper_fibula": {
                    "Name": "Wooden Display: Copper Fibula",
                    "DisplayName": "{{i18n:moonslime.Archaeology.w_copper_fibula.name}}",
                    "Description": "{{i18n:moonslime.Archaeology.w_copper_fibula.description}}",
                    "Type": "Basic",
                    "Category": 0,
                    "Price": 936,
                    "Texture": "Mods/moonslime.ArchaeologySkill/vmv_textures",
                    "SpriteIndex": 54,
                    "Edibility": -300,
                    "IsDrink": false,
                    "Buffs": null,
                    "GeodeDropsDefaultItems": false,
                    "GeodeDrops": null,
                    "ArtifactSpotChances": null,
                    "ExcludeFromFishingCollection": true,
                    "ExcludeFromShippingCollection": true,
                    "ExcludeFromRandomSale": false,
                    "ContextTags": [
                        "moonslime_artifact",
                        "not_placeable",
                        "mt_vapius",
                        "color_green",
                        "prehistoric_item",
                        "mt_vapius_archeology"
                    ],
                    "CustomFields": null
                },
                "moonslime.Archaeology.w_glassb_bowl": {
                    "Name": "Wooden Display: Glass Bowl",
                    "DisplayName": "{{i18n:moonslime.Archaeology.w_glassb_bowl.name}}",
                    "Description": "{{i18n:moonslime.Archaeology.w_glassb_bowl.description}}",
                    "Type": "Basic",
                    "Category": 0,
                    "Price": 768,
                    "Texture": "Mods/moonslime.ArchaeologySkill/vmv_textures",
                    "SpriteIndex": 55,
                    "Edibility": -300,
                    "IsDrink": false,
                    "Buffs": null,
                    "GeodeDropsDefaultItems": false,
                    "GeodeDrops": null,
                    "ArtifactSpotChances": null,
                    "ExcludeFromFishingCollection": true,
                    "ExcludeFromShippingCollection": true,
                    "ExcludeFromRandomSale": false,
                    "ContextTags": [
                        "moonslime_artifact",
                        "not_placeable",
                        "mt_vapius",
                        "color_blue",
                        "prehistoric_item",
                        "mt_vapius_archeology"
                    ],
                    "CustomFields": null
                },
                "moonslime.Archaeology.w_fragment_mask": {
                    "Name": "Wooden Display: Fragment Mask",
                    "DisplayName": "{{i18n:moonslime.Archaeology.w_fragment_mask.name}}",
                    "Description": "{{i18n:moonslime.Archaeology.w_fragment_mask.description}}",
                    "Type": "Basic",
                    "Category": 0,
                    "Price": 1384,
                    "Texture": "Mods/moonslime.ArchaeologySkill/vmv_textures",
                    "SpriteIndex": 56,
                    "Edibility": -300,
                    "IsDrink": false,
                    "Buffs": null,
                    "GeodeDropsDefaultItems": false,
                    "GeodeDrops": null,
                    "ArtifactSpotChances": null,
                    "ExcludeFromFishingCollection": true,
                    "ExcludeFromShippingCollection": true,
                    "ExcludeFromRandomSale": false,
                    "ContextTags": [
                        "moonslime_artifact",
                        "not_placeable",
                        "mt_vapius",
                        "color_blue",
                        "prehistoric_item",
                        "mt_vapius_archeology"
                    ],
                    "CustomFields": null
                },
                "moonslime.Archaeology.w_old_miner_lamp": {
                    "Name": "Wooden Display: Old Miner Lamp",
                    "DisplayName": "{{i18n:moonslime.Archaeology.w_old_miner_lamp.name}}",
                    "Description": "{{i18n:moonslime.Archaeology.w_old_miner_lamp.description}}",
                    "Type": "Basic",
                    "Category": 0,
                    "Price": 776,
                    "Texture": "Mods/moonslime.ArchaeologySkill/vmv_textures",
                    "SpriteIndex": 57,
                    "Edibility": -300,
                    "IsDrink": false,
                    "Buffs": null,
                    "GeodeDropsDefaultItems": false,
                    "GeodeDrops": null,
                    "ArtifactSpotChances": null,
                    "ExcludeFromFishingCollection": true,
                    "ExcludeFromShippingCollection": true,
                    "ExcludeFromRandomSale": false,
                    "ContextTags": [
                        "moonslime_artifact",
                        "not_placeable",
                        "mt_vapius",
                        "color_iron",
                        "mt_vapius_archeology"
                    ],
                    "CustomFields": null
                },
                "moonslime.Archaeology.w_rusty_ring": {
                    "Name": "Wooden Display: Rusty Ring",
                    "DisplayName": "{{i18n:moonslime.Archaeology.w_rusty_ring.name}}",
                    "Description": "{{i18n:moonslime.Archaeology.w_rusty_ring.description}}",
                    "Type": "Basic",
                    "Category": 0,
                    "Price": 722,
                    "Texture": "Mods/moonslime.ArchaeologySkill/vmv_textures",
                    "SpriteIndex": 58,
                    "Edibility": -300,
                    "IsDrink": false,
                    "Buffs": null,
                    "GeodeDropsDefaultItems": false,
                    "GeodeDrops": null,
                    "ArtifactSpotChances": null,
                    "ExcludeFromFishingCollection": true,
                    "ExcludeFromShippingCollection": true,
                    "ExcludeFromRandomSale": false,
                    "ContextTags": [
                        "moonslime_artifact",
                        "not_placeable",
                        "mt_vapius",
                        "color_brown",
                        "mt_vapius_archeology"
                    ],
                    "CustomFields": null
                },
                "moonslime.Archaeology.w_stained_glass": {
                    "Name": "Wooden Display: Stained Glass",
                    "DisplayName": "{{i18n:moonslime.Archaeology.w_stained_glass.name}}",
                    "Description": "{{i18n:moonslime.Archaeology.w_stained_glass.description}}",
                    "Type": "Basic",
                    "Category": 0,
                    "Price": 650,
                    "Texture": "Mods/moonslime.ArchaeologySkill/vmv_textures",
                    "SpriteIndex": 59,
                    "Edibility": -300,
                    "IsDrink": false,
                    "Buffs": null,
                    "GeodeDropsDefaultItems": false,
                    "GeodeDrops": null,
                    "ArtifactSpotChances": null,
                    "ExcludeFromFishingCollection": true,
                    "ExcludeFromShippingCollection": true,
                    "ExcludeFromRandomSale": false,
                    "ContextTags": [
                        "moonslime_artifact",
                        "not_placeable",
                        "mt_vapius",
                        "color_blue",
                        "mt_vapius_archeology"
                    ],
                    "CustomFields": null
                },
                "moonslime.Archaeology.w_blue_cameo": {
                    "Name": "Wooden Display: Blue Cameo",
                    "DisplayName": "{{i18n:moonslime.Archaeology.w_fossilized_ribs.name}}",
                    "Description": "{{i18n:moonslime.Archaeology.w_fossilized_ribs.description}}",
                    "Type": "Basic",
                    "Category": 0,
                    "Price": 820,
                    "Texture": "Mods/moonslime.ArchaeologySkill/vmv_textures",
                    "SpriteIndex": 60,
                    "Edibility": -300,
                    "IsDrink": false,
                    "Buffs": null,
                    "GeodeDropsDefaultItems": false,
                    "GeodeDrops": null,
                    "ArtifactSpotChances": null,
                    "ExcludeFromFishingCollection": true,
                    "ExcludeFromShippingCollection": true,
                    "ExcludeFromRandomSale": false,
                    "ContextTags": [
                        "moonslime_artifact",
                        "not_placeable",
                        "mt_vapius",
                        "color_blue",
                        "mt_vapius_archeology"
                    ],
                    "CustomFields": null
                },
                "moonslime.Archaeology.w_broken_sundial": {
                    "Name": "Wooden Display: Broken Sundial",
                    "DisplayName": "{{i18n:moonslime.Archaeology.w_broken_sundial.name}}",
                    "Description": "{{i18n:moonslime.Archaeology.w_broken_sundial.description}}",
                    "Type": "Basic",
                    "Category": 0,
                    "Price": 530,
                    "Texture": "Mods/moonslime.ArchaeologySkill/vmv_textures",
                    "SpriteIndex": 61,
                    "Edibility": -300,
                    "IsDrink": false,
                    "Buffs": null,
                    "GeodeDropsDefaultItems": false,
                    "GeodeDrops": null,
                    "ArtifactSpotChances": null,
                    "ExcludeFromFishingCollection": true,
                    "ExcludeFromShippingCollection": true,
                    "ExcludeFromRandomSale": false,
                    "ContextTags": [
                        "moonslime_artifact",
                        "not_placeable",
                        "mt_vapius",
                        "color_sand",
                        "mt_vapius_archeology"
                    ],
                    "CustomFields": null
                },
                "moonslime.Archaeology.w_old_shield": {
                    "Name": "Wooden Display: Old Shield",
                    "DisplayName": "{{i18n:moonslime.Archaeology.w_old_shield.name}}",
                    "Description": "{{i18n:moonslime.Archaeology.w_old_shield.description}}",
                    "Type": "Basic",
                    "Category": 0,
                    "Price": 374,
                    "Texture": "Mods/moonslime.ArchaeologySkill/vmv_textures",
                    "SpriteIndex": 62,
                    "Edibility": -300,
                    "IsDrink": false,
                    "Buffs": null,
                    "GeodeDropsDefaultItems": false,
                    "GeodeDrops": null,
                    "ArtifactSpotChances": null,
                    "ExcludeFromFishingCollection": true,
                    "ExcludeFromShippingCollection": true,
                    "ExcludeFromRandomSale": false,
                    "ContextTags": [
                        "moonslime_artifact",
                        "not_placeable",
                        "mt_vapius",
                        "color_blue",
                        "mt_vapius_archeology"
                    ],
                    "CustomFields": null
                },
                "moonslime.Archaeology.w_fragment_of_fossil_I": {
                    "Name": "Wooden Display: Fragment of Fossil I",
                    "DisplayName": "{{i18n:moonslime.Archaeology.w_fragment_of_fossil_I.name}}",
                    "Description": "{{i18n:moonslime.Archaeology.w_fragment_of_fossil_I.description}}",
                    "Type": "Basic",
                    "Category": 0,
                    "Price": 1220,
                    "Texture": "Mods/moonslime.ArchaeologySkill/vmv_textures",
                    "SpriteIndex": 63,
                    "Edibility": -300,
                    "IsDrink": false,
                    "Buffs": null,
                    "GeodeDropsDefaultItems": false,
                    "GeodeDrops": null,
                    "ArtifactSpotChances": null,
                    "ExcludeFromFishingCollection": true,
                    "ExcludeFromShippingCollection": true,
                    "ExcludeFromRandomSale": false,
                    "ContextTags": [
                        "moonslime_artifact",
                        "not_placeable",
                        "mt_vapius",
                        "fossil_item",
                        "prehistoric_item",
                        "color_sand",
                        "mt_vapius_archeology"
                    ],
                    "CustomFields": null
                },
                "moonslime.Archaeology.w_fragment_of_fossil_II": {
                    "Name": "Wooden Display: Fragment of Fossil II",
                    "DisplayName": "{{i18n:moonslime.Archaeology.w_fragment_of_fossil_II.name}}",
                    "Description": "{{i18n:moonslime.Archaeology.w_fragment_of_fossil_II.description}}",
                    "Type": "Basic",
                    "Category": 0,
                    "Price": 1000,
                    "Texture": "Mods/moonslime.ArchaeologySkill/vmv_textures",
                    "SpriteIndex": 64,
                    "Edibility": -300,
                    "IsDrink": false,
                    "Buffs": null,
                    "GeodeDropsDefaultItems": false,
                    "GeodeDrops": null,
                    "ArtifactSpotChances": null,
                    "ExcludeFromFishingCollection": true,
                    "ExcludeFromShippingCollection": true,
                    "ExcludeFromRandomSale": false,
                    "ContextTags": [
                        "moonslime_artifact",
                        "not_placeable",
                        "mt_vapius",
                        "fossil_item",
                        "prehistoric_item",
                        "color_sand",
                        "mt_vapius_archeology"
                    ],
                    "CustomFields": null
                },
                "moonslime.Archaeology.w_fragment_of_fossil_III": {
                    "Name": "Wooden Display: Fragment of Fossil III",
                    "DisplayName": "{{i18n:moonslime.Archaeology.w_fragment_of_fossil_III.name}}",
                    "Description": "{{i18n:moonslime.Archaeology.w_fragment_of_fossil_III.description}}",
                    "Type": "Basic",
                    "Category": 0,
                    "Price": 1120,
                    "Texture": "Mods/moonslime.ArchaeologySkill/vmv_textures",
                    "SpriteIndex": 65,
                    "Edibility": -300,
                    "IsDrink": false,
                    "Buffs": null,
                    "GeodeDropsDefaultItems": false,
                    "GeodeDrops": null,
                    "ArtifactSpotChances": null,
                    "ExcludeFromFishingCollection": true,
                    "ExcludeFromShippingCollection": true,
                    "ExcludeFromRandomSale": false,
                    "ContextTags": [
                        "moonslime_artifact",
                        "not_placeable",
                        "mt_vapius",
                        "fossil_item",
                        "prehistoric_item",
                        "color_sand",
                        "mt_vapius_archeology"
                    ],
                    "CustomFields": null
                },
                "moonslime.Archaeology.w_rare_stamp": {
                    "Name": "Wooden Display: Rare Stamp",
                    "DisplayName": "{{i18n:moonslime.Archaeology.w_rare_stamp.name}}",
                    "Description": "{{i18n:moonslime.Archaeology.w_rare_stamp.description}}",
                    "Type": "Basic",
                    "Category": 0,
                    "Price": 972,
                    "Texture": "Mods/moonslime.ArchaeologySkill/vmv_textures",
                    "SpriteIndex": 66,
                    "Edibility": -300,
                    "IsDrink": false,
                    "Buffs": null,
                    "GeodeDropsDefaultItems": false,
                    "GeodeDrops": null,
                    "ArtifactSpotChances": null,
                    "ExcludeFromFishingCollection": true,
                    "ExcludeFromShippingCollection": true,
                    "ExcludeFromRandomSale": false,
                    "ContextTags": [
                        "moonslime_artifact",
                        "not_placeable",
                        "mt_vapius",
                        "color_white",
                        "mt_vapius_archeology"
                    ],
                    "CustomFields": null
                },
                "moonslime.Archaeology.w_medallion": {
                    "Name": "Wooden Display: Medallion",
                    "DisplayName": "{{i18n:moonslime.Archaeology.w_medallion.name}}",
                    "Description": "{{i18n:moonslime.Archaeology.w_medallion.description}}",
                    "Type": "Basic",
                    "Category": 0,
                    "Price": 820,
                    "Texture": "Mods/moonslime.ArchaeologySkill/vmv_textures",
                    "SpriteIndex": 67,
                    "Edibility": -300,
                    "IsDrink": false,
                    "Buffs": null,
                    "GeodeDropsDefaultItems": false,
                    "GeodeDrops": null,
                    "ArtifactSpotChances": null,
                    "ExcludeFromFishingCollection": true,
                    "ExcludeFromShippingCollection": true,
                    "ExcludeFromRandomSale": false,
                    "ContextTags": [
                        "moonslime_artifact",
                        "not_placeable",
                        "mt_vapius",
                        "color_gold",
                        "mt_vapius_archeology"
                    ],
                    "CustomFields": null
                },
                "moonslime.Archaeology.w_cyanotype": {
                    "Name": "Wooden Display: Cyanotype",
                    "DisplayName": "{{i18n:moonslime.Archaeology.w_cyanotype.name}}",
                    "Description": "{{i18n:moonslime.Archaeology.w_cyanotype.description}}",
                    "Type": "Basic",
                    "Category": 0,
                    "Price": 1300,
                    "Texture": "Mods/moonslime.ArchaeologySkill/vmv_textures",
                    "SpriteIndex": 68,
                    "Edibility": -300,
                    "IsDrink": false,
                    "Buffs": null,
                    "GeodeDropsDefaultItems": false,
                    "GeodeDrops": null,
                    "ArtifactSpotChances": null,
                    "ExcludeFromFishingCollection": true,
                    "ExcludeFromShippingCollection": true,
                    "ExcludeFromRandomSale": false,
                    "ContextTags": [
                        "moonslime_artifact",
                        "not_placeable",
                        "mt_vapius",
                        "color_blue",
                        "mt_vapius_archeology"
                    ],
                    "CustomFields": null
                }
            }
        }
    ]
}