﻿{
    "extra_loot_table": [
        "(O)72",
        "(O)378",
        "(O)378",
        "(O)378",
        "(O)378",
        "(O)378",
        "(O)378",
        "(O)378",
        "(O)378",
        "(O)380",
        "(O)380",
        "(O)380",
        "(O)380",
        "(O)380",
        "(O)380",
        "(O)380",
        "(O)380",
        "(O)382",
        "(O)382",
        "(O)382",
        "(O)382",
        "(O)382",
        "(O)382",
        "(O)382",
        "(O)382",
        "(O)382",
        "(O)384",
        "(O)384",
        "(O)384",
        "(O)384",
        "(O)386",
        "(O)386",
        "(O)535",
        "(O)536",
        "(O)537",
        "(O)768",
        "(O)769"
    ],
    "extra_loot_table_GI": [
        "(O)852",
        "(O)909"
    ],
    "waterShifter_loot_table": [
        "378",
        "380",
        "382",
        "384",
        "386",
        "535"
    ],
    "waterShifter_loot_table_GI": [
        "909"
    ],
    "artifact_loot_table": [
        "(O)587",
        "(O)117",
        "(O)103",
        "(O)123",
        "(O)114",
        "(O)109",
        "(O)101",
        "(O)119",
        "(O)105",
        "(O)113",
        "(O)100",
        "(O)107",
        "(O)116",
        "(O)122",
        "(O)121",
        "(O)104",
        "(O)118",
        "(O)124",
        "(O)125",
        "(O)586",
        "(O)106",
        "(O)588",
        "(O)120",
        "(O)115",
        "(O)583",
        "(O)579",
        "(O)581",
        "(O)580",
        "(O)584",
        "(O)108",
        "(O)112",
        "(O)111",
        "(O)110",
        "(O)582",
        "(O)585",
        "(O)126",
        "(O)127",
        "(O)589"
    ]
}
