﻿{
    "Format": "2.4.0",
    "Changes": [
        {
            "Action": "Include",
            "FromFile": "Data/TextureData.json, Paths/Paths.json, Data/PathsData.json, Data/ObjectsData.json, Data/CraftingData.json, Data/MachinesData.json, Data/ObjectCatagories.json, GiftTastes/gift-tastes.json, Data/FenceData.json, Data/VolcanoPatchData.json"
        },
        {
            "Action": "Include",
            "When": {
                "HasMod |contains=spacechase0.SpaceCore": true
            },
            "FromFile": "Data/ObjectCatagories.json"
        },
        {
            "Action": "Include",
            "When": {
                "HasMod |contains=Lumisteria.MtVapius": true
            },
            "FromFile": "Data/VMV_ObjectsData.json, Data/VMV_MachinesData.json, Data/VMV_ObjectCatagories.json"
        },
        {
            "Action": "Include",
            "When": {
                "HasMod |contains=FlashShifter.StardewValleyExpandedCP": true
            },
            "FromFile": "Data/SVE_ObjectsData.json, Data/SVE_MachinesData.json, Data/SVE_ObjectCatagories.json"
        },
        {
            "Action": "Include",
            "When": {
                "HasMod |contains=skellady.SBVCP": true
            },
            "FromFile": "Data/SB_ObjectsData.json, Data/SB_MachinesData.json, Data/SB_ObjectCatagories.json"
        }
    ]
}
